addr_State,last_Credit_pull_D,loan_Status
CA,,Charged Off
CA,,Fully Paid
NY,2007-05-01,Fully Paid
IN,2007-06-01,Fully Paid
WI,2007-06-01,Fully Paid
GA,2007-06-01,Fully Paid
MD,2007-06-01,Fully Paid
MA,2007-06-01,Fully Paid
FL,2007-07-01,Fully Paid
CA,2007-08-01,Fully Paid
MA,2007-08-01,Fully Paid
WA,2007-08-01,Fully Paid
NY,2007-08-01,Fully Paid
WI,2007-08-01,Fully Paid
GA,2007-08-01,Fully Paid
IN,2007-09-01,Fully Paid
NC,2007-09-01,Fully Paid
UT,2007-10-01,Fully Paid
NC,2007-10-01,Fully Paid
SC,2007-10-01,Fully Paid
LA,2007-12-01,Fully Paid
TX,2007-12-01,Fully Paid
VA,2008-01-01,Fully Paid
CA,2008-01-01,Fully Paid
ID,2008-02-01,Fully Paid
TX,2008-02-01,Fully Paid
MI,2008-02-01,Fully Paid
HI,2008-03-01,Fully Paid
GA,2008-03-01,Fully Paid
NJ,2008-03-01,Fully Paid
TX,2008-03-01,Fully Paid
GA,2008-05-01,Fully Paid
PA,2008-06-01,Fully Paid
FL,2008-07-01,Fully Paid
NC,2008-08-01,Fully Paid
CT,2008-08-01,Fully Paid
FL,2008-08-01,Fully Paid
MD,2008-08-01,Fully Paid
OR,2008-08-01,Fully Paid
OH,2008-08-01,Fully Paid
AZ,2008-08-01,Fully Paid
VA,2008-08-01,Fully Paid
MI,2008-09-01,Fully Paid
TX,2008-09-01,Fully Paid
VA,2008-09-01,Fully Paid
MA,2008-09-01,Fully Paid
TX,2008-10-01,Fully Paid
AZ,2008-10-01,Fully Paid
UT,2008-10-01,Fully Paid
NY,2008-10-01,Fully Paid
NM,2008-10-01,Fully Paid
MD,2008-10-01,Fully Paid
NC,2008-10-01,Fully Paid
OR,2008-10-01,Fully Paid
NY,2008-12-01,Fully Paid
VA,2008-12-01,Fully Paid
GA,2008-12-01,Fully Paid
IL,2008-12-01,Fully Paid
NC,2008-12-01,Fully Paid
WA,2009-01-01,Fully Paid
CA,2009-01-01,Fully Paid
LA,2009-01-01,Fully Paid
FL,2009-01-01,Charged Off
FL,2009-01-01,Fully Paid
MA,2009-01-01,Fully Paid
CA,2009-01-01,Charged Off
CT,2009-01-01,Fully Paid
NY,2009-01-01,Charged Off
VA,2009-01-01,Fully Paid
NV,2009-01-01,Charged Off
IL,2009-01-01,Charged Off
DC,2009-01-01,Charged Off
GA,2009-02-01,Fully Paid
NJ,2009-02-01,Fully Paid
AL,2009-02-01,Fully Paid
MI,2009-02-01,Fully Paid
UT,2009-02-01,Charged Off
CO,2009-02-01,Fully Paid
FL,2009-02-01,Fully Paid
NY,2009-02-01,Fully Paid
CA,2009-02-01,Fully Paid
TX,2009-02-01,Fully Paid
MI,2009-03-01,Fully Paid
VA,2009-03-01,Fully Paid
AZ,2009-03-01,Fully Paid
UT,2009-03-01,Fully Paid
LA,2009-03-01,Fully Paid
CO,2009-03-01,Fully Paid
NY,2009-03-01,Fully Paid
PA,2009-03-01,Fully Paid
PA,2009-04-01,Fully Paid
MA,2009-04-01,Fully Paid
HI,2009-04-01,Fully Paid
CT,2009-04-01,Fully Paid
AZ,2009-04-01,Fully Paid
MN,2009-04-01,Fully Paid
KY,2009-04-01,Fully Paid
TX,2009-04-01,Fully Paid
NJ,2009-04-01,Fully Paid
NY,2009-04-01,Fully Paid
VA,2009-04-01,Fully Paid
SC,2009-05-01,Fully Paid
DC,2009-05-01,Fully Paid
NY,2009-05-01,Fully Paid
MD,2009-05-01,Fully Paid
NC,2009-05-01,Fully Paid
CA,2009-05-01,Fully Paid
CO,2009-05-01,Fully Paid
MO,2009-05-01,Fully Paid
OH,2009-05-01,Fully Paid
WI,2009-05-01,Fully Paid
FL,2009-06-01,Charged Off
AZ,2009-06-01,Fully Paid
MD,2009-06-01,Fully Paid
MI,2009-06-01,Fully Paid
WA,2009-06-01,Fully Paid
NY,2009-06-01,Fully Paid
TX,2009-06-01,Fully Paid
TX,2009-06-01,Charged Off
CA,2009-06-01,Fully Paid
VA,2009-07-01,Fully Paid
NY,2009-07-01,Fully Paid
GA,2009-07-01,Fully Paid
WA,2009-07-01,Fully Paid
TX,2009-07-01,Fully Paid
PA,2009-07-01,Fully Paid
MN,2009-07-01,Fully Paid
CA,2009-07-01,Fully Paid
MO,2009-07-01,Fully Paid
IL,2009-07-01,Fully Paid
FL,2009-07-01,Fully Paid
TX,2009-08-01,Charged Off
CA,2009-08-01,Fully Paid
SD,2009-08-01,Fully Paid
VT,2009-08-01,Fully Paid
AL,2009-08-01,Fully Paid
FL,2009-08-01,Fully Paid
CA,2009-08-01,Charged Off
TX,2009-08-01,Fully Paid
TN,2009-08-01,Fully Paid
VA,2009-08-01,Fully Paid
WA,2009-08-01,Fully Paid
MA,2009-08-01,Fully Paid
PA,2009-08-01,Fully Paid
CT,2009-08-01,Fully Paid
DE,2009-08-01,Fully Paid
AZ,2009-09-01,Charged Off
CT,2009-09-01,Fully Paid
TX,2009-09-01,Fully Paid
PA,2009-09-01,Fully Paid
CA,2009-09-01,Fully Paid
AL,2009-09-01,Charged Off
MA,2009-09-01,Fully Paid
DE,2009-09-01,Fully Paid
OH,2009-10-01,Fully Paid
IL,2009-10-01,Fully Paid
WA,2009-10-01,Fully Paid
PA,2009-10-01,Fully Paid
AR,2009-10-01,Fully Paid
AZ,2009-10-01,Charged Off
MI,2009-10-01,Fully Paid
NY,2009-10-01,Charged Off
CO,2009-10-01,Fully Paid
CA,2009-10-01,Charged Off
SC,2009-10-01,Fully Paid
NJ,2009-10-01,Fully Paid
MO,2009-10-01,Fully Paid
MA,2009-10-01,Charged Off
IL,2009-10-01,Charged Off
VA,2009-10-01,Charged Off
TX,2009-10-01,Fully Paid
CA,2009-10-01,Fully Paid
AZ,2009-10-01,Fully Paid
MN,2009-10-01,Fully Paid
UT,2009-11-01,Charged Off
IL,2009-11-01,Charged Off
OK,2009-11-01,Fully Paid
FL,2009-11-01,Fully Paid
MD,2009-11-01,Fully Paid
NJ,2009-11-01,Charged Off
MN,2009-11-01,Charged Off
GA,2009-11-01,Charged Off
PA,2009-11-01,Fully Paid
LA,2009-11-01,Fully Paid
MA,2009-11-01,Fully Paid
CA,2009-11-01,Charged Off
TX,2009-11-01,Fully Paid
CT,2009-11-01,Fully Paid
OH,2009-11-01,Fully Paid
AR,2009-11-01,Charged Off
VA,2009-11-01,Fully Paid
NY,2009-11-01,Fully Paid
NY,2009-11-01,Charged Off
MA,2009-12-01,Fully Paid
CO,2009-12-01,Charged Off
WY,2009-12-01,Fully Paid
OR,2009-12-01,Charged Off
CA,2009-12-01,Fully Paid
TX,2009-12-01,Charged Off
VA,2009-12-01,Fully Paid
OH,2009-12-01,Fully Paid
CA,2009-12-01,Charged Off
NY,2009-12-01,Fully Paid
PA,2009-12-01,Fully Paid
MA,2009-12-01,Charged Off
AL,2009-12-01,Charged Off
FL,2009-12-01,Charged Off
ID,2009-12-01,Fully Paid
IL,2009-12-01,Fully Paid
MD,2009-12-01,Charged Off
MD,2009-12-01,Fully Paid
MI,2009-12-01,Fully Paid
AZ,2009-12-01,Fully Paid
OR,2009-12-01,Fully Paid
WA,2009-12-01,Charged Off
AZ,2009-12-01,Charged Off
NC,2009-12-01,Fully Paid
TX,2009-12-01,Fully Paid
NC,2009-12-01,Charged Off
FL,2009-12-01,Fully Paid
NY,2010-01-01,Fully Paid
MN,2010-01-01,Fully Paid
MI,2010-01-01,Fully Paid
MT,2010-01-01,Fully Paid
CO,2010-01-01,Fully Paid
PA,2010-01-01,Fully Paid
AZ,2010-01-01,Fully Paid
TX,2010-01-01,Fully Paid
GA,2010-01-01,Fully Paid
VA,2010-01-01,Fully Paid
WI,2010-01-01,Fully Paid
OH,2010-01-01,Fully Paid
MD,2010-01-01,Fully Paid
OR,2010-01-01,Fully Paid
CA,2010-01-01,Fully Paid
DC,2010-01-01,Fully Paid
NJ,2010-02-01,Charged Off
VA,2010-02-01,Fully Paid
NY,2010-02-01,Fully Paid
CA,2010-02-01,Fully Paid
CO,2010-02-01,Fully Paid
MN,2010-02-01,Fully Paid
AR,2010-02-01,Fully Paid
CA,2010-02-01,Charged Off
CO,2010-02-01,Charged Off
AL,2010-02-01,Fully Paid
TN,2010-02-01,Fully Paid
FL,2010-02-01,Charged Off
SC,2010-02-01,Fully Paid
WA,2010-02-01,Charged Off
WA,2010-02-01,Fully Paid
NE,2010-02-01,Charged Off
TX,2010-02-01,Charged Off
MA,2010-02-01,Fully Paid
AZ,2010-02-01,Fully Paid
OK,2010-02-01,Fully Paid
LA,2010-02-01,Fully Paid
PA,2010-02-01,Charged Off
MO,2010-02-01,Fully Paid
IL,2010-02-01,Fully Paid
NV,2010-02-01,Fully Paid
TX,2010-02-01,Fully Paid
NJ,2010-02-01,Fully Paid
OR,2010-02-01,Charged Off
VA,2010-02-01,Charged Off
GA,2010-02-01,Charged Off
FL,2010-02-01,Fully Paid
GA,2010-02-01,Fully Paid
MO,2010-02-01,Charged Off
OH,2010-02-01,Fully Paid
WY,2010-02-01,Fully Paid
OK,2010-03-01,Fully Paid
WA,2010-03-01,Fully Paid
CO,2010-03-01,Fully Paid
DC,2010-03-01,Fully Paid
AL,2010-03-01,Charged Off
VA,2010-03-01,Charged Off
MI,2010-03-01,Fully Paid
CA,2010-03-01,Charged Off
PA,2010-03-01,Charged Off
FL,2010-03-01,Fully Paid
MA,2010-03-01,Fully Paid
OR,2010-03-01,Fully Paid
NJ,2010-03-01,Fully Paid
OH,2010-03-01,Fully Paid
NY,2010-03-01,Fully Paid
NM,2010-03-01,Fully Paid
IA,2010-03-01,Fully Paid
MD,2010-03-01,Fully Paid
TX,2010-03-01,Fully Paid
IL,2010-03-01,Fully Paid
RI,2010-03-01,Fully Paid
FL,2010-03-01,Charged Off
NY,2010-03-01,Charged Off
KS,2010-03-01,Fully Paid
CT,2010-03-01,Fully Paid
CA,2010-03-01,Fully Paid
VA,2010-03-01,Fully Paid
NY,2010-04-01,Charged Off
ID,2010-04-01,Fully Paid
MD,2010-04-01,Fully Paid
AZ,2010-04-01,Fully Paid
TX,2010-04-01,Fully Paid
MI,2010-04-01,Fully Paid
DE,2010-04-01,Fully Paid
CT,2010-04-01,Fully Paid
CA,2010-04-01,Charged Off
MN,2010-04-01,Fully Paid
PA,2010-04-01,Fully Paid
VA,2010-04-01,Fully Paid
MA,2010-04-01,Fully Paid
NJ,2010-04-01,Charged Off
WI,2010-04-01,Fully Paid
CA,2010-04-01,Fully Paid
NY,2010-04-01,Fully Paid
GA,2010-04-01,Fully Paid
FL,2010-04-01,Charged Off
LA,2010-04-01,Fully Paid
VA,2010-04-01,Charged Off
FL,2010-04-01,Fully Paid
TN,2010-04-01,Fully Paid
PA,2010-04-01,Charged Off
NJ,2010-04-01,Fully Paid
AR,2010-04-01,Fully Paid
OH,2010-04-01,Charged Off
NV,2010-04-01,Fully Paid
NH,2010-05-01,Fully Paid
FL,2010-05-01,Fully Paid
IL,2010-05-01,Fully Paid
MA,2010-05-01,Fully Paid
WA,2010-05-01,Charged Off
CA,2010-05-01,Charged Off
MO,2010-05-01,Fully Paid
CA,2010-05-01,Fully Paid
NC,2010-05-01,Fully Paid
MN,2010-05-01,Charged Off
FL,2010-05-01,Charged Off
IL,2010-05-01,Charged Off
GA,2010-05-01,Fully Paid
IA,2010-05-01,Fully Paid
AZ,2010-05-01,Fully Paid
MN,2010-05-01,Fully Paid
NY,2010-05-01,Charged Off
MS,2010-05-01,Fully Paid
PA,2010-05-01,Fully Paid
MD,2010-05-01,Fully Paid
TX,2010-05-01,Fully Paid
TX,2010-05-01,Charged Off
MI,2010-05-01,Fully Paid
OH,2010-05-01,Fully Paid
OK,2010-05-01,Fully Paid
NY,2010-05-01,Fully Paid
KS,2010-05-01,Fully Paid
PA,2010-06-01,Fully Paid
MA,2010-06-01,Fully Paid
CO,2010-06-01,Fully Paid
OR,2010-06-01,Fully Paid
MO,2010-06-01,Fully Paid
NY,2010-06-01,Charged Off
AZ,2010-06-01,Fully Paid
FL,2010-06-01,Fully Paid
UT,2010-06-01,Fully Paid
GA,2010-06-01,Fully Paid
NH,2010-06-01,Fully Paid
VA,2010-06-01,Fully Paid
NY,2010-06-01,Fully Paid
NM,2010-06-01,Fully Paid
IL,2010-06-01,Fully Paid
AL,2010-06-01,Fully Paid
MT,2010-06-01,Fully Paid
LA,2010-06-01,Fully Paid
NJ,2010-06-01,Fully Paid
IN,2010-06-01,Fully Paid
WA,2010-06-01,Fully Paid
CA,2010-06-01,Fully Paid
MI,2010-06-01,Fully Paid
TX,2010-06-01,Fully Paid
VA,2010-07-01,Fully Paid
FL,2010-07-01,Fully Paid
MO,2010-07-01,Charged Off
AZ,2010-07-01,Fully Paid
PA,2010-07-01,Charged Off
CO,2010-07-01,Fully Paid
AL,2010-07-01,Fully Paid
CT,2010-07-01,Charged Off
MD,2010-07-01,Charged Off
PA,2010-07-01,Fully Paid
MI,2010-07-01,Fully Paid
SC,2010-07-01,Fully Paid
IL,2010-07-01,Fully Paid
MN,2010-07-01,Fully Paid
HI,2010-07-01,Charged Off
MA,2010-07-01,Fully Paid
CA,2010-07-01,Charged Off
ME,2010-07-01,Fully Paid
GA,2010-07-01,Charged Off
WV,2010-07-01,Fully Paid
NJ,2010-07-01,Fully Paid
DC,2010-07-01,Fully Paid
NY,2010-07-01,Charged Off
IN,2010-07-01,Fully Paid
TX,2010-07-01,Fully Paid
IL,2010-07-01,Charged Off
DE,2010-07-01,Fully Paid
UT,2010-07-01,Fully Paid
GA,2010-07-01,Fully Paid
CA,2010-07-01,Fully Paid
NY,2010-07-01,Fully Paid
WI,2010-07-01,Fully Paid
MT,2010-07-01,Fully Paid
MD,2010-07-01,Fully Paid
AR,2010-07-01,Fully Paid
FL,2010-07-01,Charged Off
TX,2010-07-01,Charged Off
NC,2010-07-01,Fully Paid
AZ,2010-07-01,Charged Off
PA,2010-08-01,Fully Paid
CA,2010-08-01,Fully Paid
GA,2010-08-01,Charged Off
OR,2010-08-01,Fully Paid
AR,2010-08-01,Fully Paid
MO,2010-08-01,Charged Off
IL,2010-08-01,Fully Paid
MS,2010-08-01,Charged Off
NJ,2010-08-01,Fully Paid
NV,2010-08-01,Fully Paid
CO,2010-08-01,Charged Off
CT,2010-08-01,Fully Paid
NY,2010-08-01,Fully Paid
MN,2010-08-01,Fully Paid
FL,2010-08-01,Fully Paid
DE,2010-08-01,Fully Paid
LA,2010-08-01,Fully Paid
MA,2010-08-01,Fully Paid
WA,2010-08-01,Fully Paid
MD,2010-08-01,Fully Paid
IA,2010-08-01,Fully Paid
DC,2010-08-01,Fully Paid
FL,2010-08-01,Charged Off
OH,2010-08-01,Fully Paid
MD,2010-08-01,Charged Off
TX,2010-08-01,Fully Paid
AL,2010-08-01,Fully Paid
FL,2010-09-01,Charged Off
FL,2010-09-01,Fully Paid
NV,2010-09-01,Charged Off
NY,2010-09-01,Fully Paid
WA,2010-09-01,Fully Paid
MA,2010-09-01,Fully Paid
NJ,2010-09-01,Fully Paid
CT,2010-09-01,Fully Paid
RI,2010-09-01,Fully Paid
PA,2010-09-01,Fully Paid
CA,2010-09-01,Charged Off
CO,2010-09-01,Fully Paid
TX,2010-09-01,Fully Paid
ME,2010-09-01,Fully Paid
MD,2010-09-01,Fully Paid
NC,2010-09-01,Fully Paid
OR,2010-09-01,Fully Paid
VA,2010-09-01,Fully Paid
CO,2010-09-01,Charged Off
AZ,2010-09-01,Fully Paid
NV,2010-09-01,Fully Paid
DC,2010-09-01,Fully Paid
AK,2010-09-01,Fully Paid
NM,2010-09-01,Fully Paid
SC,2010-09-01,Fully Paid
OH,2010-09-01,Fully Paid
IL,2010-09-01,Charged Off
CA,2010-09-01,Fully Paid
WI,2010-09-01,Fully Paid
IL,2010-09-01,Fully Paid
GA,2010-09-01,Fully Paid
TX,2010-09-01,Charged Off
MO,2010-09-01,Fully Paid
AZ,2010-09-01,Charged Off
OK,2010-09-01,Fully Paid
MI,2010-09-01,Charged Off
MA,2010-10-01,Charged Off
AR,2010-10-01,Fully Paid
VT,2010-10-01,Charged Off
NM,2010-10-01,Fully Paid
OK,2010-10-01,Fully Paid
CT,2010-10-01,Fully Paid
NJ,2010-10-01,Fully Paid
CA,2010-10-01,Charged Off
TX,2010-10-01,Charged Off
SC,2010-10-01,Fully Paid
AZ,2010-10-01,Charged Off
NJ,2010-10-01,Charged Off
CA,2010-10-01,Fully Paid
OR,2010-10-01,Fully Paid
FL,2010-10-01,Fully Paid
MN,2010-10-01,Fully Paid
NY,2010-10-01,Charged Off
GA,2010-10-01,Fully Paid
TX,2010-10-01,Fully Paid
VA,2010-10-01,Fully Paid
PA,2010-10-01,Charged Off
GA,2010-10-01,Charged Off
HI,2010-10-01,Fully Paid
WY,2010-10-01,Fully Paid
PA,2010-10-01,Fully Paid
NY,2010-10-01,Fully Paid
MD,2010-10-01,Fully Paid
AZ,2010-10-01,Fully Paid
IL,2010-10-01,Fully Paid
WV,2010-10-01,Fully Paid
MI,2010-10-01,Fully Paid
WA,2010-10-01,Fully Paid
NC,2010-10-01,Fully Paid
MA,2010-10-01,Fully Paid
AL,2010-10-01,Fully Paid
CO,2010-10-01,Fully Paid
FL,2010-11-01,Fully Paid
IL,2010-11-01,Fully Paid
HI,2010-11-01,Fully Paid
MD,2010-11-01,Fully Paid
SC,2010-11-01,Charged Off
OH,2010-11-01,Charged Off
VA,2010-11-01,Charged Off
VA,2010-11-01,Fully Paid
NJ,2010-11-01,Charged Off
NY,2010-11-01,Fully Paid
KY,2010-11-01,Fully Paid
CA,2010-11-01,Fully Paid
PA,2010-11-01,Charged Off
NY,2010-11-01,Charged Off
GA,2010-11-01,Charged Off
LA,2010-11-01,Fully Paid
CA,2010-11-01,Charged Off
MI,2010-11-01,Fully Paid
NJ,2010-11-01,Fully Paid
FL,2010-11-01,Charged Off
PA,2010-11-01,Fully Paid
CO,2010-11-01,Fully Paid
OR,2010-11-01,Fully Paid
DC,2010-11-01,Fully Paid
WI,2010-11-01,Fully Paid
AZ,2010-11-01,Fully Paid
MA,2010-11-01,Fully Paid
TX,2010-11-01,Fully Paid
MO,2010-11-01,Fully Paid
GA,2010-11-01,Fully Paid
WA,2010-11-01,Fully Paid
MN,2010-11-01,Fully Paid
SC,2010-11-01,Fully Paid
CO,2010-11-01,Charged Off
MO,2010-12-01,Charged Off
CA,2010-12-01,Charged Off
MI,2010-12-01,Fully Paid
FL,2010-12-01,Fully Paid
GA,2010-12-01,Fully Paid
CO,2010-12-01,Charged Off
MD,2010-12-01,Fully Paid
NY,2010-12-01,Charged Off
CO,2010-12-01,Fully Paid
SC,2010-12-01,Fully Paid
TX,2010-12-01,Charged Off
MA,2010-12-01,Fully Paid
AR,2010-12-01,Fully Paid
MO,2010-12-01,Fully Paid
IL,2010-12-01,Fully Paid
IL,2010-12-01,Charged Off
CA,2010-12-01,Fully Paid
TX,2010-12-01,Fully Paid
WI,2010-12-01,Fully Paid
OK,2010-12-01,Fully Paid
NH,2010-12-01,Fully Paid
WI,2010-12-01,Charged Off
GA,2010-12-01,Charged Off
FL,2010-12-01,Charged Off
OH,2010-12-01,Fully Paid
NJ,2010-12-01,Fully Paid
WA,2010-12-01,Charged Off
MD,2010-12-01,Charged Off
PA,2010-12-01,Fully Paid
VA,2010-12-01,Fully Paid
KY,2010-12-01,Fully Paid
NY,2010-12-01,Fully Paid
AZ,2010-12-01,Fully Paid
MN,2010-12-01,Fully Paid
WA,2010-12-01,Fully Paid
AL,2010-12-01,Charged Off
KS,2010-12-01,Fully Paid
IN,2010-12-01,Fully Paid
MD,2011-01-01,Charged Off
IL,2011-01-01,Fully Paid
DE,2011-01-01,Fully Paid
AZ,2011-01-01,Fully Paid
OH,2011-01-01,Fully Paid
NH,2011-01-01,Fully Paid
NY,2011-01-01,Charged Off
LA,2011-01-01,Fully Paid
WA,2011-01-01,Fully Paid
PA,2011-01-01,Charged Off
NY,2011-01-01,Fully Paid
MO,2011-01-01,Fully Paid
OR,2011-01-01,Fully Paid
MA,2011-01-01,Fully Paid
IL,2011-01-01,Charged Off
CT,2011-01-01,Fully Paid
AK,2011-01-01,Charged Off
WA,2011-01-01,Charged Off
AR,2011-01-01,Fully Paid
VA,2011-01-01,Fully Paid
MN,2011-01-01,Fully Paid
MI,2011-01-01,Fully Paid
PA,2011-01-01,Fully Paid
WI,2011-01-01,Fully Paid
NC,2011-01-01,Fully Paid
FL,2011-01-01,Charged Off
IN,2011-01-01,Fully Paid
VT,2011-01-01,Fully Paid
NJ,2011-01-01,Fully Paid
CA,2011-01-01,Charged Off
RI,2011-01-01,Fully Paid
CO,2011-01-01,Fully Paid
NM,2011-01-01,Charged Off
TX,2011-01-01,Fully Paid
FL,2011-01-01,Fully Paid
GA,2011-01-01,Fully Paid
MD,2011-01-01,Fully Paid
NV,2011-01-01,Fully Paid
CA,2011-01-01,Fully Paid
CO,2011-01-01,Charged Off
RI,2011-02-01,Charged Off
WI,2011-02-01,Fully Paid
AR,2011-02-01,Fully Paid
MA,2011-02-01,Fully Paid
CA,2011-02-01,Charged Off
GA,2011-02-01,Fully Paid
CT,2011-02-01,Fully Paid
NJ,2011-02-01,Fully Paid
IA,2011-02-01,Fully Paid
OK,2011-02-01,Charged Off
NY,2011-02-01,Fully Paid
MN,2011-02-01,Fully Paid
NC,2011-02-01,Fully Paid
OH,2011-02-01,Fully Paid
CO,2011-02-01,Fully Paid
WA,2011-02-01,Fully Paid
KY,2011-02-01,Fully Paid
TX,2011-02-01,Charged Off
OH,2011-02-01,Charged Off
CA,2011-02-01,Fully Paid
VA,2011-02-01,Fully Paid
MT,2011-02-01,Fully Paid
WA,2011-02-01,Charged Off
OK,2011-02-01,Fully Paid
IL,2011-02-01,Fully Paid
MI,2011-02-01,Fully Paid
TX,2011-02-01,Fully Paid
FL,2011-02-01,Fully Paid
MO,2011-02-01,Fully Paid
NY,2011-02-01,Charged Off
NM,2011-02-01,Fully Paid
LA,2011-02-01,Fully Paid
MD,2011-02-01,Fully Paid
SC,2011-02-01,Fully Paid
FL,2011-02-01,Charged Off
AL,2011-02-01,Fully Paid
DC,2011-02-01,Fully Paid
NV,2011-02-01,Fully Paid
NJ,2011-02-01,Charged Off
SC,2011-02-01,Charged Off
VA,2011-03-01,Fully Paid
PA,2011-03-01,Fully Paid
WA,2011-03-01,Fully Paid
NY,2011-03-01,Fully Paid
KY,2011-03-01,Fully Paid
MT,2011-03-01,Fully Paid
VA,2011-03-01,Charged Off
CA,2011-03-01,Charged Off
MO,2011-03-01,Charged Off
TN,2011-03-01,Fully Paid
CT,2011-03-01,Fully Paid
NV,2011-03-01,Fully Paid
CO,2011-03-01,Fully Paid
FL,2011-03-01,Fully Paid
AZ,2011-03-01,Fully Paid
MA,2011-03-01,Charged Off
UT,2011-03-01,Fully Paid
MS,2011-03-01,Fully Paid
PA,2011-03-01,Charged Off
AR,2011-03-01,Fully Paid
NJ,2011-03-01,Fully Paid
NC,2011-03-01,Fully Paid
MN,2011-03-01,Fully Paid
LA,2011-03-01,Charged Off
NM,2011-03-01,Fully Paid
MO,2011-03-01,Fully Paid
AL,2011-03-01,Fully Paid
WY,2011-03-01,Fully Paid
MD,2011-03-01,Fully Paid
OH,2011-03-01,Fully Paid
GA,2011-03-01,Fully Paid
KS,2011-03-01,Fully Paid
OR,2011-03-01,Fully Paid
TX,2011-03-01,Fully Paid
CA,2011-03-01,Fully Paid
ID,2011-03-01,Fully Paid
DC,2011-03-01,Fully Paid
NJ,2011-03-01,Charged Off
CO,2011-03-01,Charged Off
IL,2011-03-01,Charged Off
NY,2011-03-01,Charged Off
MI,2011-03-01,Fully Paid
OH,2011-03-01,Charged Off
IL,2011-03-01,Fully Paid
LA,2011-03-01,Fully Paid
DE,2011-03-01,Fully Paid
GA,2011-03-01,Charged Off
OK,2011-03-01,Fully Paid
MD,2011-03-01,Charged Off
MA,2011-03-01,Fully Paid
MA,2011-04-01,Fully Paid
PA,2011-04-01,Fully Paid
MD,2011-04-01,Charged Off
NM,2011-04-01,Fully Paid
TX,2011-04-01,Charged Off
NC,2011-04-01,Fully Paid
WI,2011-04-01,Charged Off
CO,2011-04-01,Fully Paid
SC,2011-04-01,Fully Paid
OH,2011-04-01,Charged Off
CA,2011-04-01,Fully Paid
PA,2011-04-01,Charged Off
CA,2011-04-01,Charged Off
VA,2011-04-01,Charged Off
MN,2011-04-01,Fully Paid
AZ,2011-04-01,Fully Paid
NV,2011-04-01,Charged Off
WA,2011-04-01,Charged Off
OK,2011-04-01,Fully Paid
FL,2011-04-01,Fully Paid
GA,2011-04-01,Fully Paid
CO,2011-04-01,Charged Off
TX,2011-04-01,Fully Paid
NY,2011-04-01,Charged Off
RI,2011-04-01,Fully Paid
MS,2011-04-01,Fully Paid
SC,2011-04-01,Charged Off
OH,2011-04-01,Fully Paid
OR,2011-04-01,Fully Paid
NY,2011-04-01,Fully Paid
KY,2011-04-01,Fully Paid
KS,2011-04-01,Fully Paid
UT,2011-04-01,Fully Paid
MI,2011-04-01,Fully Paid
FL,2011-04-01,Charged Off
NV,2011-04-01,Fully Paid
IL,2011-04-01,Fully Paid
MD,2011-04-01,Fully Paid
MA,2011-04-01,Charged Off
NH,2011-04-01,Fully Paid
NJ,2011-04-01,Fully Paid
UT,2011-05-01,Fully Paid
OH,2011-05-01,Fully Paid
CO,2011-05-01,Charged Off
AL,2011-05-01,Fully Paid
OK,2011-05-01,Fully Paid
CT,2011-05-01,Fully Paid
WY,2011-05-01,Fully Paid
MA,2011-05-01,Fully Paid
TX,2011-05-01,Fully Paid
CO,2011-05-01,Fully Paid
CA,2011-05-01,Charged Off
MA,2011-05-01,Charged Off
NC,2011-05-01,Fully Paid
NV,2011-05-01,Charged Off
KS,2011-05-01,Fully Paid
PA,2011-05-01,Fully Paid
MN,2011-05-01,Charged Off
CA,2011-05-01,Fully Paid
NY,2011-05-01,Charged Off
MI,2011-05-01,Charged Off
NJ,2011-05-01,Fully Paid
GA,2011-05-01,Charged Off
MT,2011-05-01,Charged Off
KY,2011-05-01,Fully Paid
MD,2011-05-01,Charged Off
PA,2011-05-01,Charged Off
OH,2011-05-01,Charged Off
ME,2011-05-01,Fully Paid
NV,2011-05-01,Fully Paid
MD,2011-05-01,Fully Paid
VA,2011-05-01,Fully Paid
GA,2011-05-01,Fully Paid
MS,2011-05-01,Fully Paid
WA,2011-05-01,Fully Paid
MO,2011-05-01,Fully Paid
LA,2011-05-01,Fully Paid
IL,2011-05-01,Fully Paid
NY,2011-05-01,Fully Paid
OR,2011-05-01,Fully Paid
WV,2011-05-01,Fully Paid
SC,2011-05-01,Fully Paid
FL,2011-05-01,Fully Paid
AZ,2011-05-01,Fully Paid
MI,2011-05-01,Fully Paid
NH,2011-05-01,Charged Off
WI,2011-05-01,Fully Paid
MN,2011-05-01,Fully Paid
TX,2011-05-01,Charged Off
AZ,2011-05-01,Charged Off
AR,2011-06-01,Charged Off
MT,2011-06-01,Fully Paid
MD,2011-06-01,Fully Paid
HI,2011-06-01,Charged Off
AK,2011-06-01,Fully Paid
GA,2011-06-01,Charged Off
CA,2011-06-01,Fully Paid
GA,2011-06-01,Fully Paid
TX,2011-06-01,Charged Off
SC,2011-06-01,Charged Off
MO,2011-06-01,Fully Paid
CA,2011-06-01,Charged Off
MO,2011-06-01,Charged Off
MA,2011-06-01,Fully Paid
NY,2011-06-01,Fully Paid
LA,2011-06-01,Fully Paid
RI,2011-06-01,Fully Paid
KS,2011-06-01,Fully Paid
TX,2011-06-01,Fully Paid
FL,2011-06-01,Fully Paid
NV,2011-06-01,Fully Paid
OR,2011-06-01,Charged Off
SC,2011-06-01,Fully Paid
MN,2011-06-01,Fully Paid
PA,2011-06-01,Charged Off
NY,2011-06-01,Charged Off
IL,2011-06-01,Fully Paid
MA,2011-06-01,Charged Off
NC,2011-06-01,Fully Paid
NH,2011-06-01,Charged Off
WA,2011-06-01,Fully Paid
OH,2011-06-01,Fully Paid
NM,2011-06-01,Fully Paid
MI,2011-06-01,Fully Paid
FL,2011-06-01,Charged Off
AZ,2011-06-01,Fully Paid
OR,2011-06-01,Fully Paid
NJ,2011-06-01,Charged Off
UT,2011-06-01,Charged Off
MN,2011-06-01,Charged Off
AL,2011-06-01,Fully Paid
UT,2011-06-01,Fully Paid
CO,2011-06-01,Fully Paid
NJ,2011-06-01,Fully Paid
CT,2011-06-01,Fully Paid
WA,2011-06-01,Charged Off
PA,2011-06-01,Fully Paid
VA,2011-06-01,Fully Paid
WI,2011-06-01,Fully Paid
MN,2011-07-01,Charged Off
FL,2011-07-01,Charged Off
CT,2011-07-01,Charged Off
FL,2011-07-01,Fully Paid
OR,2011-07-01,Fully Paid
AZ,2011-07-01,Fully Paid
VA,2011-07-01,Fully Paid
KY,2011-07-01,Fully Paid
MN,2011-07-01,Fully Paid
NJ,2011-07-01,Charged Off
IL,2011-07-01,Charged Off
IL,2011-07-01,Fully Paid
WI,2011-07-01,Fully Paid
CA,2011-07-01,Charged Off
TX,2011-07-01,Fully Paid
LA,2011-07-01,Fully Paid
SC,2011-07-01,Charged Off
UT,2011-07-01,Fully Paid
AR,2011-07-01,Fully Paid
NV,2011-07-01,Charged Off
LA,2011-07-01,Charged Off
OR,2011-07-01,Charged Off
CO,2011-07-01,Charged Off
NJ,2011-07-01,Fully Paid
MD,2011-07-01,Fully Paid
DE,2011-07-01,Fully Paid
GA,2011-07-01,Charged Off
OH,2011-07-01,Charged Off
NY,2011-07-01,Fully Paid
NY,2011-07-01,Charged Off
CO,2011-07-01,Fully Paid
CT,2011-07-01,Fully Paid
CA,2011-07-01,Fully Paid
MA,2011-07-01,Charged Off
MA,2011-07-01,Fully Paid
SC,2011-07-01,Fully Paid
GA,2011-07-01,Fully Paid
RI,2011-07-01,Fully Paid
PA,2011-07-01,Fully Paid
VA,2011-07-01,Charged Off
MI,2011-07-01,Fully Paid
NH,2011-07-01,Fully Paid
MI,2011-07-01,Charged Off
OH,2011-07-01,Fully Paid
MT,2011-08-01,Fully Paid
MI,2011-08-01,Charged Off
AR,2011-08-01,Charged Off
MN,2011-08-01,Charged Off
WA,2011-08-01,Charged Off
FL,2011-08-01,Fully Paid
AZ,2011-08-01,Fully Paid
AR,2011-08-01,Fully Paid
FL,2011-08-01,Charged Off
MI,2011-08-01,Fully Paid
MD,2011-08-01,Fully Paid
AL,2011-08-01,Fully Paid
DE,2011-08-01,Charged Off
CO,2011-08-01,Fully Paid
NJ,2011-08-01,Fully Paid
MA,2011-08-01,Charged Off
NY,2011-08-01,Fully Paid
MA,2011-08-01,Fully Paid
KS,2011-08-01,Fully Paid
NM,2011-08-01,Fully Paid
NC,2011-08-01,Fully Paid
OK,2011-08-01,Fully Paid
NV,2011-08-01,Charged Off
MD,2011-08-01,Charged Off
PA,2011-08-01,Fully Paid
CA,2011-08-01,Fully Paid
SD,2011-08-01,Fully Paid
MO,2011-08-01,Fully Paid
OH,2011-08-01,Fully Paid
MN,2011-08-01,Fully Paid
KY,2011-08-01,Charged Off
CO,2011-08-01,Charged Off
KY,2011-08-01,Fully Paid
VA,2011-08-01,Fully Paid
NY,2011-08-01,Charged Off
IL,2011-08-01,Fully Paid
CT,2011-08-01,Fully Paid
TX,2011-08-01,Charged Off
NV,2011-08-01,Fully Paid
HI,2011-08-01,Fully Paid
GA,2011-08-01,Fully Paid
WV,2011-08-01,Fully Paid
NH,2011-08-01,Charged Off
RI,2011-08-01,Fully Paid
CA,2011-08-01,Charged Off
SC,2011-08-01,Fully Paid
WA,2011-08-01,Fully Paid
OR,2011-08-01,Fully Paid
DC,2011-08-01,Fully Paid
GA,2011-08-01,Charged Off
LA,2011-08-01,Fully Paid
WI,2011-08-01,Fully Paid
NJ,2011-08-01,Charged Off
VA,2011-08-01,Charged Off
TX,2011-08-01,Fully Paid
NH,2011-08-01,Fully Paid
MO,2011-09-01,Charged Off
NC,2011-09-01,Fully Paid
GA,2011-09-01,Charged Off
MA,2011-09-01,Fully Paid
NV,2011-09-01,Fully Paid
AR,2011-09-01,Fully Paid
PA,2011-09-01,Charged Off
MO,2011-09-01,Fully Paid
PA,2011-09-01,Fully Paid
SC,2011-09-01,Charged Off
CA,2011-09-01,Fully Paid
GA,2011-09-01,Fully Paid
CO,2011-09-01,Fully Paid
MN,2011-09-01,Fully Paid
VA,2011-09-01,Fully Paid
LA,2011-09-01,Fully Paid
OR,2011-09-01,Fully Paid
FL,2011-09-01,Fully Paid
NY,2011-09-01,Fully Paid
OK,2011-09-01,Fully Paid
IL,2011-09-01,Charged Off
NJ,2011-09-01,Charged Off
MA,2011-09-01,Charged Off
AZ,2011-09-01,Fully Paid
TX,2011-09-01,Charged Off
MT,2011-09-01,Fully Paid
TN,2011-09-01,Fully Paid
OH,2011-09-01,Charged Off
NJ,2011-09-01,Fully Paid
MD,2011-09-01,Fully Paid
CA,2011-09-01,Charged Off
LA,2011-09-01,Charged Off
SC,2011-09-01,Fully Paid
AK,2011-09-01,Charged Off
UT,2011-09-01,Charged Off
FL,2011-09-01,Charged Off
NY,2011-09-01,Charged Off
IL,2011-09-01,Fully Paid
TX,2011-09-01,Fully Paid
NV,2011-09-01,Charged Off
KY,2011-09-01,Fully Paid
WI,2011-09-01,Fully Paid
MI,2011-09-01,Charged Off
DC,2011-09-01,Fully Paid
CT,2011-09-01,Fully Paid
OH,2011-09-01,Fully Paid
HI,2011-10-01,Fully Paid
NY,2011-10-01,Charged Off
GA,2011-10-01,Charged Off
MD,2011-10-01,Charged Off
LA,2011-10-01,Charged Off
NJ,2011-10-01,Charged Off
DE,2011-10-01,Fully Paid
TX,2011-10-01,Fully Paid
CO,2011-10-01,Fully Paid
MN,2011-10-01,Fully Paid
LA,2011-10-01,Fully Paid
HI,2011-10-01,Charged Off
GA,2011-10-01,Fully Paid
MO,2011-10-01,Fully Paid
CA,2011-10-01,Charged Off
PA,2011-10-01,Charged Off
SC,2011-10-01,Fully Paid
NJ,2011-10-01,Fully Paid
CA,2011-10-01,Fully Paid
UT,2011-10-01,Fully Paid
MO,2011-10-01,Charged Off
OR,2011-10-01,Fully Paid
WI,2011-10-01,Charged Off
AZ,2011-10-01,Charged Off
OH,2011-10-01,Fully Paid
NY,2011-10-01,Fully Paid
FL,2011-10-01,Charged Off
MI,2011-10-01,Fully Paid
NV,2011-10-01,Charged Off
OK,2011-10-01,Fully Paid
WA,2011-10-01,Fully Paid
AZ,2011-10-01,Fully Paid
KY,2011-10-01,Fully Paid
IL,2011-10-01,Fully Paid
MD,2011-10-01,Fully Paid
KS,2011-10-01,Fully Paid
FL,2011-10-01,Fully Paid
VA,2011-10-01,Fully Paid
WI,2011-10-01,Fully Paid
UT,2011-10-01,Charged Off
MN,2011-10-01,Charged Off
PA,2011-10-01,Fully Paid
NC,2011-10-01,Charged Off
WI,2011-11-01,Fully Paid
OK,2011-11-01,Fully Paid
MO,2011-11-01,Charged Off
SC,2011-11-01,Charged Off
MA,2011-11-01,Fully Paid
CO,2011-11-01,Fully Paid
CT,2011-11-01,Fully Paid
VA,2011-11-01,Charged Off
NJ,2011-11-01,Charged Off
FL,2011-11-01,Charged Off
LA,2011-11-01,Fully Paid
NY,2011-11-01,Charged Off
NV,2011-11-01,Charged Off
LA,2011-11-01,Charged Off
TX,2011-11-01,Fully Paid
CA,2011-11-01,Fully Paid
TX,2011-11-01,Charged Off
MI,2011-11-01,Fully Paid
CO,2011-11-01,Charged Off
NC,2011-11-01,Fully Paid
MN,2011-11-01,Fully Paid
WV,2011-11-01,Charged Off
RI,2011-11-01,Fully Paid
NJ,2011-11-01,Fully Paid
VA,2011-11-01,Fully Paid
MD,2011-11-01,Fully Paid
DE,2011-11-01,Fully Paid
UT,2011-11-01,Fully Paid
IL,2011-11-01,Fully Paid
GA,2011-11-01,Fully Paid
OH,2011-11-01,Fully Paid
PA,2011-11-01,Fully Paid
MS,2011-11-01,Fully Paid
FL,2011-11-01,Fully Paid
AZ,2011-11-01,Fully Paid
NY,2011-11-01,Fully Paid
KY,2011-11-01,Fully Paid
KS,2011-11-01,Fully Paid
MO,2011-11-01,Fully Paid
CA,2011-11-01,Charged Off
OR,2011-11-01,Fully Paid
GA,2011-11-01,Charged Off
WV,2011-11-01,Fully Paid
KY,2011-11-01,Charged Off
PA,2011-11-01,Charged Off
MI,2011-11-01,Charged Off
MD,2011-11-01,Charged Off
NV,2011-11-01,Fully Paid
UT,2011-12-01,Fully Paid
PA,2011-12-01,Fully Paid
NY,2011-12-01,Charged Off
AL,2011-12-01,Charged Off
KS,2011-12-01,Charged Off
AZ,2011-12-01,Fully Paid
NC,2011-12-01,Fully Paid
OH,2011-12-01,Fully Paid
MO,2011-12-01,Charged Off
CO,2011-12-01,Fully Paid
AR,2011-12-01,Fully Paid
MO,2011-12-01,Fully Paid
DC,2011-12-01,Fully Paid
UT,2011-12-01,Charged Off
MI,2011-12-01,Fully Paid
MS,2011-12-01,Fully Paid
WI,2011-12-01,Fully Paid
MD,2011-12-01,Fully Paid
VA,2011-12-01,Fully Paid
NV,2011-12-01,Charged Off
NH,2011-12-01,Charged Off
SC,2011-12-01,Fully Paid
OR,2011-12-01,Fully Paid
GA,2011-12-01,Charged Off
AL,2011-12-01,Fully Paid
MA,2011-12-01,Charged Off
LA,2011-12-01,Fully Paid
NJ,2011-12-01,Fully Paid
PA,2011-12-01,Charged Off
KS,2011-12-01,Fully Paid
TX,2011-12-01,Fully Paid
IL,2011-12-01,Fully Paid
HI,2011-12-01,Fully Paid
TX,2011-12-01,Charged Off
FL,2011-12-01,Charged Off
MA,2011-12-01,Fully Paid
CA,2011-12-01,Fully Paid
OK,2011-12-01,Charged Off
MT,2011-12-01,Fully Paid
CO,2011-12-01,Charged Off
WA,2011-12-01,Charged Off
NJ,2011-12-01,Charged Off
MN,2011-12-01,Fully Paid
FL,2011-12-01,Fully Paid
CT,2011-12-01,Fully Paid
GA,2011-12-01,Fully Paid
MI,2011-12-01,Charged Off
NY,2011-12-01,Fully Paid
AZ,2011-12-01,Charged Off
CA,2011-12-01,Charged Off
WA,2011-12-01,Fully Paid
NY,2012-01-01,Fully Paid
NH,2012-01-01,Fully Paid
WA,2012-01-01,Fully Paid
GA,2012-01-01,Charged Off
NV,2012-01-01,Fully Paid
NJ,2012-01-01,Fully Paid
MD,2012-01-01,Fully Paid
MO,2012-01-01,Fully Paid
OH,2012-01-01,Charged Off
TX,2012-01-01,Charged Off
GA,2012-01-01,Fully Paid
FL,2012-01-01,Charged Off
CT,2012-01-01,Fully Paid
CA,2012-01-01,Charged Off
AZ,2012-01-01,Fully Paid
CO,2012-01-01,Fully Paid
VA,2012-01-01,Fully Paid
CO,2012-01-01,Charged Off
OH,2012-01-01,Fully Paid
CT,2012-01-01,Charged Off
NY,2012-01-01,Charged Off
PA,2012-01-01,Fully Paid
DC,2012-01-01,Fully Paid
IL,2012-01-01,Charged Off
AK,2012-01-01,Fully Paid
LA,2012-01-01,Fully Paid
OR,2012-01-01,Fully Paid
KY,2012-01-01,Fully Paid
CA,2012-01-01,Fully Paid
AZ,2012-01-01,Charged Off
MN,2012-01-01,Fully Paid
FL,2012-01-01,Fully Paid
MA,2012-01-01,Fully Paid
WA,2012-01-01,Charged Off
AL,2012-01-01,Fully Paid
MI,2012-01-01,Fully Paid
MD,2012-01-01,Charged Off
TX,2012-01-01,Fully Paid
MA,2012-01-01,Charged Off
PA,2012-01-01,Charged Off
NJ,2012-01-01,Charged Off
NM,2012-01-01,Charged Off
WY,2012-01-01,Fully Paid
OR,2012-01-01,Charged Off
MO,2012-01-01,Charged Off
OK,2012-01-01,Fully Paid
IL,2012-01-01,Fully Paid
WI,2012-01-01,Charged Off
VA,2012-02-01,Charged Off
MI,2012-02-01,Charged Off
CO,2012-02-01,Fully Paid
DC,2012-02-01,Fully Paid
OK,2012-02-01,Charged Off
KY,2012-02-01,Fully Paid
UT,2012-02-01,Fully Paid
OR,2012-02-01,Charged Off
MA,2012-02-01,Charged Off
MI,2012-02-01,Fully Paid
VA,2012-02-01,Fully Paid
AL,2012-02-01,Fully Paid
TX,2012-02-01,Fully Paid
MO,2012-02-01,Fully Paid
PA,2012-02-01,Charged Off
NY,2012-02-01,Fully Paid
NJ,2012-02-01,Fully Paid
OH,2012-02-01,Fully Paid
IL,2012-02-01,Fully Paid
CT,2012-02-01,Fully Paid
AZ,2012-02-01,Fully Paid
NC,2012-02-01,Fully Paid
OH,2012-02-01,Charged Off
SC,2012-02-01,Fully Paid
FL,2012-02-01,Fully Paid
PA,2012-02-01,Fully Paid
WI,2012-02-01,Charged Off
FL,2012-02-01,Charged Off
LA,2012-02-01,Charged Off
NV,2012-02-01,Fully Paid
DE,2012-02-01,Fully Paid
MT,2012-02-01,Fully Paid
WI,2012-02-01,Fully Paid
WA,2012-02-01,Fully Paid
GA,2012-02-01,Fully Paid
MD,2012-02-01,Fully Paid
AR,2012-02-01,Fully Paid
MN,2012-02-01,Charged Off
WA,2012-02-01,Charged Off
NY,2012-02-01,Charged Off
OR,2012-02-01,Fully Paid
KS,2012-02-01,Fully Paid
SC,2012-02-01,Charged Off
CA,2012-02-01,Charged Off
NH,2012-02-01,Fully Paid
TX,2012-02-01,Charged Off
MS,2012-02-01,Fully Paid
OK,2012-02-01,Fully Paid
WY,2012-02-01,Fully Paid
MN,2012-02-01,Fully Paid
CA,2012-02-01,Fully Paid
LA,2012-02-01,Fully Paid
AZ,2012-02-01,Charged Off
RI,2012-02-01,Fully Paid
MD,2012-02-01,Charged Off
MA,2012-02-01,Fully Paid
NM,2012-02-01,Charged Off
PA,2012-03-01,Fully Paid
HI,2012-03-01,Fully Paid
OR,2012-03-01,Charged Off
UT,2012-03-01,Fully Paid
AL,2012-03-01,Fully Paid
WV,2012-03-01,Charged Off
MN,2012-03-01,Fully Paid
VA,2012-03-01,Fully Paid
CO,2012-03-01,Charged Off
TX,2012-03-01,Fully Paid
MA,2012-03-01,Charged Off
SC,2012-03-01,Fully Paid
SD,2012-03-01,Fully Paid
MA,2012-03-01,Fully Paid
OK,2012-03-01,Charged Off
MO,2012-03-01,Fully Paid
CT,2012-03-01,Charged Off
FL,2012-03-01,Charged Off
NJ,2012-03-01,Fully Paid
AZ,2012-03-01,Fully Paid
MD,2012-03-01,Charged Off
MN,2012-03-01,Charged Off
KY,2012-03-01,Fully Paid
CA,2012-03-01,Fully Paid
IL,2012-03-01,Charged Off
PA,2012-03-01,Charged Off
FL,2012-03-01,Fully Paid
OK,2012-03-01,Fully Paid
OH,2012-03-01,Charged Off
OH,2012-03-01,Fully Paid
CT,2012-03-01,Fully Paid
CA,2012-03-01,Charged Off
MI,2012-03-01,Charged Off
GA,2012-03-01,Fully Paid
NV,2012-03-01,Fully Paid
WA,2012-03-01,Fully Paid
KS,2012-03-01,Fully Paid
AR,2012-03-01,Charged Off
WI,2012-03-01,Fully Paid
MD,2012-03-01,Fully Paid
LA,2012-03-01,Fully Paid
DC,2012-03-01,Fully Paid
NY,2012-03-01,Fully Paid
NM,2012-03-01,Fully Paid
MI,2012-03-01,Fully Paid
CO,2012-03-01,Fully Paid
NY,2012-03-01,Charged Off
TX,2012-03-01,Charged Off
RI,2012-03-01,Fully Paid
NH,2012-03-01,Fully Paid
IL,2012-03-01,Fully Paid
AZ,2012-03-01,Charged Off
GA,2012-03-01,Charged Off
NJ,2012-03-01,Charged Off
LA,2012-03-01,Charged Off
MO,2012-04-01,Fully Paid
FL,2012-04-01,Charged Off
KS,2012-04-01,Charged Off
CT,2012-04-01,Charged Off
TX,2012-04-01,Charged Off
AK,2012-04-01,Fully Paid
LA,2012-04-01,Fully Paid
MO,2012-04-01,Charged Off
AZ,2012-04-01,Fully Paid
GA,2012-04-01,Charged Off
WI,2012-04-01,Fully Paid
CT,2012-04-01,Fully Paid
CA,2012-04-01,Fully Paid
MA,2012-04-01,Fully Paid
NJ,2012-04-01,Fully Paid
FL,2012-04-01,Fully Paid
DE,2012-04-01,Fully Paid
NM,2012-04-01,Fully Paid
MI,2012-04-01,Charged Off
CO,2012-04-01,Charged Off
AL,2012-04-01,Fully Paid
KY,2012-04-01,Fully Paid
OH,2012-04-01,Charged Off
SC,2012-04-01,Fully Paid
WI,2012-04-01,Charged Off
KY,2012-04-01,Charged Off
MN,2012-04-01,Charged Off
PA,2012-04-01,Fully Paid
MD,2012-04-01,Fully Paid
VT,2012-04-01,Fully Paid
CO,2012-04-01,Fully Paid
PA,2012-04-01,Charged Off
VA,2012-04-01,Fully Paid
MI,2012-04-01,Fully Paid
NC,2012-04-01,Fully Paid
MN,2012-04-01,Fully Paid
GA,2012-04-01,Fully Paid
OR,2012-04-01,Charged Off
WA,2012-04-01,Fully Paid
NY,2012-04-01,Fully Paid
SD,2012-04-01,Fully Paid
OR,2012-04-01,Fully Paid
CA,2012-04-01,Charged Off
TX,2012-04-01,Fully Paid
WA,2012-04-01,Charged Off
RI,2012-04-01,Fully Paid
NJ,2012-04-01,Charged Off
NV,2012-04-01,Fully Paid
OH,2012-04-01,Fully Paid
IL,2012-04-01,Fully Paid
OK,2012-05-01,Fully Paid
GA,2012-05-01,Fully Paid
VT,2012-05-01,Fully Paid
MI,2012-05-01,Fully Paid
NJ,2012-05-01,Fully Paid
MD,2012-05-01,Fully Paid
IL,2012-05-01,Fully Paid
PA,2012-05-01,Fully Paid
WA,2012-05-01,Fully Paid
CA,2012-05-01,Charged Off
CA,2012-05-01,Fully Paid
MA,2012-05-01,Fully Paid
AZ,2012-05-01,Fully Paid
VA,2012-05-01,Fully Paid
CO,2012-05-01,Fully Paid
NC,2012-05-01,Fully Paid
NV,2012-05-01,Charged Off
WY,2012-05-01,Fully Paid
FL,2012-05-01,Charged Off
MA,2012-05-01,Charged Off
HI,2012-05-01,Fully Paid
OH,2012-05-01,Fully Paid
RI,2012-05-01,Fully Paid
CT,2012-05-01,Fully Paid
MO,2012-05-01,Fully Paid
TX,2012-05-01,Charged Off
FL,2012-05-01,Fully Paid
KS,2012-05-01,Fully Paid
KY,2012-05-01,Fully Paid
DC,2012-05-01,Fully Paid
OR,2012-05-01,Fully Paid
MN,2012-05-01,Fully Paid
NY,2012-05-01,Fully Paid
SD,2012-05-01,Fully Paid
OH,2012-05-01,Charged Off
WI,2012-05-01,Fully Paid
AL,2012-05-01,Fully Paid
CO,2012-05-01,Charged Off
UT,2012-05-01,Fully Paid
MO,2012-05-01,Charged Off
TX,2012-05-01,Fully Paid
GA,2012-05-01,Charged Off
SC,2012-05-01,Fully Paid
DE,2012-05-01,Fully Paid
LA,2012-05-01,Fully Paid
IL,2012-05-01,Charged Off
NY,2012-05-01,Charged Off
VA,2012-05-01,Charged Off
AR,2012-05-01,Fully Paid
SC,2012-06-01,Charged Off
LA,2012-06-01,Fully Paid
DC,2012-06-01,Fully Paid
UT,2012-06-01,Charged Off
MA,2012-06-01,Charged Off
TX,2012-06-01,Charged Off
AR,2012-06-01,Fully Paid
CA,2012-06-01,Fully Paid
NC,2012-06-01,Fully Paid
WA,2012-06-01,Fully Paid
MI,2012-06-01,Fully Paid
OR,2012-06-01,Fully Paid
WY,2012-06-01,Fully Paid
CA,2012-06-01,Charged Off
NV,2012-06-01,Charged Off
WI,2012-06-01,Charged Off
TX,2012-06-01,Fully Paid
NV,2012-06-01,Fully Paid
MA,2012-06-01,Fully Paid
CT,2012-06-01,Fully Paid
FL,2012-06-01,Charged Off
NY,2012-06-01,Fully Paid
FL,2012-06-01,Fully Paid
UT,2012-06-01,Fully Paid
AZ,2012-06-01,Fully Paid
MO,2012-06-01,Fully Paid
KY,2012-06-01,Fully Paid
AZ,2012-06-01,Charged Off
MN,2012-06-01,Fully Paid
GA,2012-06-01,Fully Paid
AL,2012-06-01,Charged Off
NY,2012-06-01,Charged Off
WV,2012-06-01,Charged Off
NJ,2012-06-01,Fully Paid
CO,2012-06-01,Fully Paid
AL,2012-06-01,Fully Paid
MS,2012-06-01,Fully Paid
MD,2012-06-01,Fully Paid
PA,2012-06-01,Fully Paid
VA,2012-06-01,Fully Paid
NM,2012-06-01,Fully Paid
WI,2012-06-01,Fully Paid
GA,2012-06-01,Charged Off
MT,2012-06-01,Fully Paid
IL,2012-06-01,Fully Paid
NJ,2012-06-01,Charged Off
SC,2012-06-01,Fully Paid
OH,2012-06-01,Fully Paid
MI,2012-06-01,Charged Off
LA,2012-07-01,Fully Paid
DE,2012-07-01,Fully Paid
NC,2012-07-01,Fully Paid
UT,2012-07-01,Fully Paid
KY,2012-07-01,Charged Off
MD,2012-07-01,Fully Paid
AK,2012-07-01,Fully Paid
KS,2012-07-01,Fully Paid
WA,2012-07-01,Fully Paid
AZ,2012-07-01,Charged Off
MA,2012-07-01,Fully Paid
NY,2012-07-01,Fully Paid
CA,2012-07-01,Fully Paid
OR,2012-07-01,Charged Off
FL,2012-07-01,Charged Off
AL,2012-07-01,Fully Paid
WY,2012-07-01,Fully Paid
WI,2012-07-01,Fully Paid
FL,2012-07-01,Fully Paid
NJ,2012-07-01,Charged Off
MI,2012-07-01,Fully Paid
CO,2012-07-01,Fully Paid
SC,2012-07-01,Fully Paid
KY,2012-07-01,Fully Paid
CA,2012-07-01,Charged Off
OH,2012-07-01,Charged Off
OK,2012-07-01,Fully Paid
AL,2012-07-01,Charged Off
PA,2012-07-01,Fully Paid
TX,2012-07-01,Charged Off
GA,2012-07-01,Fully Paid
NV,2012-07-01,Charged Off
IL,2012-07-01,Fully Paid
AR,2012-07-01,Fully Paid
CT,2012-07-01,Fully Paid
OH,2012-07-01,Fully Paid
VA,2012-07-01,Fully Paid
RI,2012-07-01,Fully Paid
OR,2012-07-01,Fully Paid
NJ,2012-07-01,Fully Paid
MN,2012-07-01,Fully Paid
WA,2012-07-01,Charged Off
TX,2012-07-01,Fully Paid
AZ,2012-07-01,Fully Paid
HI,2012-07-01,Fully Paid
NV,2012-07-01,Fully Paid
NC,2012-08-01,Charged Off
AK,2012-08-01,Fully Paid
LA,2012-08-01,Charged Off
CA,2012-08-01,Fully Paid
UT,2012-08-01,Fully Paid
NH,2012-08-01,Fully Paid
TX,2012-08-01,Charged Off
LA,2012-08-01,Fully Paid
SC,2012-08-01,Fully Paid
IL,2012-08-01,Charged Off
IL,2012-08-01,Fully Paid
MD,2012-08-01,Charged Off
FL,2012-08-01,Charged Off
OR,2012-08-01,Fully Paid
CT,2012-08-01,Charged Off
MO,2012-08-01,Charged Off
MI,2012-08-01,Fully Paid
NV,2012-08-01,Charged Off
AZ,2012-08-01,Fully Paid
PA,2012-08-01,Fully Paid
CA,2012-08-01,Charged Off
NJ,2012-08-01,Charged Off
KS,2012-08-01,Fully Paid
NV,2012-08-01,Fully Paid
MD,2012-08-01,Fully Paid
MA,2012-08-01,Charged Off
NY,2012-08-01,Fully Paid
NC,2012-08-01,Fully Paid
NJ,2012-08-01,Fully Paid
MO,2012-08-01,Fully Paid
MT,2012-08-01,Fully Paid
GA,2012-08-01,Charged Off
WA,2012-08-01,Fully Paid
CO,2012-08-01,Fully Paid
OH,2012-08-01,Fully Paid
CT,2012-08-01,Fully Paid
OK,2012-08-01,Fully Paid
TX,2012-08-01,Fully Paid
MA,2012-08-01,Fully Paid
MN,2012-08-01,Fully Paid
HI,2012-08-01,Fully Paid
WI,2012-08-01,Fully Paid
FL,2012-08-01,Fully Paid
DE,2012-08-01,Fully Paid
VA,2012-08-01,Fully Paid
NM,2012-08-01,Fully Paid
GA,2012-08-01,Fully Paid
WA,2012-08-01,Charged Off
VA,2012-09-01,Fully Paid
NM,2012-09-01,Fully Paid
OH,2012-09-01,Fully Paid
FL,2012-09-01,Fully Paid
TX,2012-09-01,Fully Paid
HI,2012-09-01,Fully Paid
AZ,2012-09-01,Fully Paid
NY,2012-09-01,Fully Paid
MD,2012-09-01,Charged Off
TX,2012-09-01,Charged Off
AL,2012-09-01,Fully Paid
IL,2012-09-01,Fully Paid
GA,2012-09-01,Fully Paid
MA,2012-09-01,Fully Paid
SC,2012-09-01,Fully Paid
KS,2012-09-01,Fully Paid
MD,2012-09-01,Fully Paid
OH,2012-09-01,Charged Off
PA,2012-09-01,Charged Off
UT,2012-09-01,Charged Off
MN,2012-09-01,Fully Paid
KY,2012-09-01,Fully Paid
WA,2012-09-01,Charged Off
MI,2012-09-01,Fully Paid
CA,2012-09-01,Fully Paid
WI,2012-09-01,Fully Paid
FL,2012-09-01,Charged Off
CT,2012-09-01,Fully Paid
NV,2012-09-01,Fully Paid
PA,2012-09-01,Fully Paid
NJ,2012-09-01,Charged Off
DE,2012-09-01,Fully Paid
CA,2012-09-01,Charged Off
NY,2012-09-01,Charged Off
AZ,2012-09-01,Charged Off
CO,2012-09-01,Fully Paid
UT,2012-09-01,Fully Paid
WA,2012-09-01,Fully Paid
LA,2012-09-01,Fully Paid
NJ,2012-09-01,Fully Paid
MO,2012-09-01,Fully Paid
OR,2012-09-01,Fully Paid
WV,2012-09-01,Fully Paid
VA,2012-09-01,Charged Off
DC,2012-09-01,Fully Paid
NC,2012-09-01,Fully Paid
AL,2012-10-01,Charged Off
WA,2012-10-01,Fully Paid
KS,2012-10-01,Charged Off
OK,2012-10-01,Fully Paid
KY,2012-10-01,Fully Paid
PA,2012-10-01,Charged Off
PA,2012-10-01,Fully Paid
CT,2012-10-01,Charged Off
WI,2012-10-01,Fully Paid
RI,2012-10-01,Fully Paid
OH,2012-10-01,Fully Paid
AR,2012-10-01,Charged Off
MO,2012-10-01,Fully Paid
NC,2012-10-01,Fully Paid
IL,2012-10-01,Fully Paid
LA,2012-10-01,Fully Paid
NJ,2012-10-01,Fully Paid
AZ,2012-10-01,Fully Paid
TX,2012-10-01,Fully Paid
MO,2012-10-01,Charged Off
MI,2012-10-01,Fully Paid
KS,2012-10-01,Fully Paid
MN,2012-10-01,Fully Paid
CA,2012-10-01,Fully Paid
TX,2012-10-01,Charged Off
NY,2012-10-01,Charged Off
VA,2012-10-01,Fully Paid
DE,2012-10-01,Fully Paid
AR,2012-10-01,Fully Paid
NY,2012-10-01,Fully Paid
WY,2012-10-01,Fully Paid
CO,2012-10-01,Fully Paid
MD,2012-10-01,Charged Off
CO,2012-10-01,Charged Off
MD,2012-10-01,Fully Paid
NV,2012-10-01,Charged Off
FL,2012-10-01,Fully Paid
OH,2012-10-01,Charged Off
MA,2012-10-01,Fully Paid
NM,2012-10-01,Fully Paid
CT,2012-10-01,Fully Paid
OR,2012-10-01,Fully Paid
AL,2012-10-01,Fully Paid
GA,2012-10-01,Charged Off
CA,2012-10-01,Charged Off
UT,2012-10-01,Fully Paid
NV,2012-10-01,Fully Paid
FL,2012-10-01,Charged Off
GA,2012-10-01,Fully Paid
AZ,2012-11-01,Charged Off
NY,2012-11-01,Charged Off
MA,2012-11-01,Charged Off
PA,2012-11-01,Fully Paid
RI,2012-11-01,Charged Off
WA,2012-11-01,Fully Paid
NV,2012-11-01,Charged Off
OH,2012-11-01,Fully Paid
CA,2012-11-01,Fully Paid
PA,2012-11-01,Charged Off
FL,2012-11-01,Charged Off
FL,2012-11-01,Fully Paid
SC,2012-11-01,Fully Paid
IL,2012-11-01,Fully Paid
NC,2012-11-01,Fully Paid
MA,2012-11-01,Fully Paid
OR,2012-11-01,Charged Off
CT,2012-11-01,Fully Paid
VA,2012-11-01,Fully Paid
DC,2012-11-01,Fully Paid
MN,2012-11-01,Fully Paid
HI,2012-11-01,Fully Paid
CT,2012-11-01,Charged Off
AR,2012-11-01,Fully Paid
DE,2012-11-01,Fully Paid
CO,2012-11-01,Fully Paid
NV,2012-11-01,Fully Paid
MD,2012-11-01,Fully Paid
NY,2012-11-01,Fully Paid
AZ,2012-11-01,Fully Paid
MI,2012-11-01,Fully Paid
NJ,2012-11-01,Fully Paid
AK,2012-11-01,Fully Paid
WI,2012-11-01,Fully Paid
VT,2012-11-01,Fully Paid
NE,2012-11-01,Fully Paid
LA,2012-11-01,Fully Paid
UT,2012-11-01,Fully Paid
MO,2012-11-01,Fully Paid
CA,2012-11-01,Charged Off
WV,2012-11-01,Fully Paid
AL,2012-11-01,Fully Paid
TX,2012-11-01,Fully Paid
AL,2012-11-01,Charged Off
GA,2012-11-01,Fully Paid
TX,2012-11-01,Charged Off
MI,2012-11-01,Charged Off
HI,2012-11-01,Charged Off
KY,2012-11-01,Fully Paid
NH,2012-11-01,Fully Paid
MN,2012-11-01,Charged Off
IL,2012-11-01,Charged Off
MO,2012-11-01,Charged Off
AK,2012-12-01,Fully Paid
VT,2012-12-01,Fully Paid
NV,2012-12-01,Charged Off
WV,2012-12-01,Charged Off
CT,2012-12-01,Charged Off
KS,2012-12-01,Fully Paid
HI,2012-12-01,Charged Off
PA,2012-12-01,Charged Off
SC,2012-12-01,Fully Paid
UT,2012-12-01,Fully Paid
MA,2012-12-01,Fully Paid
NJ,2012-12-01,Fully Paid
WA,2012-12-01,Fully Paid
MO,2012-12-01,Fully Paid
OH,2012-12-01,Fully Paid
GA,2012-12-01,Fully Paid
MI,2012-12-01,Charged Off
NH,2012-12-01,Charged Off
PA,2012-12-01,Fully Paid
VA,2012-12-01,Charged Off
TX,2012-12-01,Fully Paid
AL,2012-12-01,Fully Paid
MA,2012-12-01,Charged Off
OR,2012-12-01,Fully Paid
HI,2012-12-01,Fully Paid
FL,2012-12-01,Fully Paid
DC,2012-12-01,Fully Paid
MI,2012-12-01,Fully Paid
TX,2012-12-01,Charged Off
MN,2012-12-01,Fully Paid
AZ,2012-12-01,Charged Off
IL,2012-12-01,Fully Paid
CT,2012-12-01,Fully Paid
VA,2012-12-01,Fully Paid
WY,2012-12-01,Fully Paid
CA,2012-12-01,Fully Paid
IL,2012-12-01,Charged Off
OK,2012-12-01,Fully Paid
AZ,2012-12-01,Fully Paid
CO,2012-12-01,Fully Paid
NC,2012-12-01,Fully Paid
MO,2012-12-01,Charged Off
NY,2012-12-01,Charged Off
NV,2012-12-01,Fully Paid
FL,2012-12-01,Charged Off
AR,2012-12-01,Fully Paid
DE,2012-12-01,Fully Paid
OH,2012-12-01,Charged Off
MD,2012-12-01,Fully Paid
NJ,2012-12-01,Charged Off
CA,2012-12-01,Charged Off
GA,2012-12-01,Charged Off
NY,2012-12-01,Fully Paid
CO,2013-01-01,Fully Paid
FL,2013-01-01,Fully Paid
VA,2013-01-01,Fully Paid
PA,2013-01-01,Fully Paid
AL,2013-01-01,Fully Paid
NJ,2013-01-01,Fully Paid
MO,2013-01-01,Fully Paid
OR,2013-01-01,Fully Paid
WI,2013-01-01,Fully Paid
WA,2013-01-01,Fully Paid
CA,2013-01-01,Fully Paid
GA,2013-01-01,Fully Paid
NY,2013-01-01,Fully Paid
MA,2013-01-01,Fully Paid
MN,2013-01-01,Fully Paid
CT,2013-01-01,Fully Paid
OH,2013-01-01,Fully Paid
NC,2013-02-01,Charged Off
NV,2013-02-01,Charged Off
WV,2013-02-01,Fully Paid
UT,2013-02-01,Fully Paid
KS,2013-02-01,Charged Off
OH,2013-02-01,Charged Off
NJ,2013-02-01,Charged Off
AR,2013-02-01,Fully Paid
MA,2013-02-01,Charged Off
AK,2013-02-01,Fully Paid
NC,2013-02-01,Fully Paid
GA,2013-02-01,Fully Paid
VA,2013-02-01,Fully Paid
SC,2013-02-01,Charged Off
FL,2013-02-01,Charged Off
OR,2013-02-01,Fully Paid
NH,2013-02-01,Charged Off
OR,2013-02-01,Charged Off
RI,2013-02-01,Charged Off
IL,2013-02-01,Charged Off
DC,2013-02-01,Fully Paid
MT,2013-02-01,Fully Paid
VA,2013-02-01,Charged Off
NM,2013-02-01,Fully Paid
MI,2013-02-01,Fully Paid
WI,2013-02-01,Fully Paid
CA,2013-02-01,Fully Paid
AL,2013-02-01,Fully Paid
PA,2013-02-01,Fully Paid
SC,2013-02-01,Fully Paid
NY,2013-02-01,Charged Off
WA,2013-02-01,Charged Off
NJ,2013-02-01,Fully Paid
CO,2013-02-01,Fully Paid
WA,2013-02-01,Fully Paid
MO,2013-02-01,Charged Off
CT,2013-02-01,Fully Paid
MD,2013-02-01,Fully Paid
KS,2013-02-01,Fully Paid
LA,2013-02-01,Fully Paid
KY,2013-02-01,Fully Paid
UT,2013-02-01,Charged Off
TX,2013-02-01,Fully Paid
NH,2013-02-01,Fully Paid
MO,2013-02-01,Fully Paid
MN,2013-02-01,Fully Paid
NV,2013-02-01,Fully Paid
IL,2013-02-01,Fully Paid
PA,2013-02-01,Charged Off
NY,2013-02-01,Fully Paid
MD,2013-02-01,Charged Off
OK,2013-02-01,Fully Paid
OH,2013-02-01,Fully Paid
AZ,2013-02-01,Fully Paid
RI,2013-02-01,Fully Paid
MA,2013-02-01,Fully Paid
FL,2013-02-01,Fully Paid
WY,2013-02-01,Fully Paid
CA,2013-02-01,Charged Off
HI,2013-02-01,Fully Paid
TX,2013-02-01,Charged Off
DC,2013-03-01,Fully Paid
GA,2013-03-01,Fully Paid
LA,2013-03-01,Fully Paid
VA,2013-03-01,Charged Off
DE,2013-03-01,Fully Paid
OH,2013-03-01,Fully Paid
MA,2013-03-01,Fully Paid
CA,2013-03-01,Fully Paid
NJ,2013-03-01,Charged Off
NV,2013-03-01,Fully Paid
OK,2013-03-01,Fully Paid
SC,2013-03-01,Charged Off
MI,2013-03-01,Fully Paid
MD,2013-03-01,Charged Off
NV,2013-03-01,Charged Off
WI,2013-03-01,Charged Off
WA,2013-03-01,Fully Paid
PA,2013-03-01,Charged Off
TX,2013-03-01,Fully Paid
FL,2013-03-01,Charged Off
KY,2013-03-01,Fully Paid
HI,2013-03-01,Fully Paid
NY,2013-03-01,Fully Paid
AL,2013-03-01,Charged Off
CT,2013-03-01,Fully Paid
GA,2013-03-01,Charged Off
MN,2013-03-01,Fully Paid
MO,2013-03-01,Charged Off
WV,2013-03-01,Fully Paid
MO,2013-03-01,Fully Paid
UT,2013-03-01,Fully Paid
NM,2013-03-01,Fully Paid
MD,2013-03-01,Fully Paid
CO,2013-03-01,Fully Paid
AZ,2013-03-01,Fully Paid
VA,2013-03-01,Fully Paid
PA,2013-03-01,Fully Paid
FL,2013-03-01,Fully Paid
IL,2013-03-01,Fully Paid
OR,2013-03-01,Fully Paid
WI,2013-03-01,Fully Paid
AL,2013-03-01,Fully Paid
CT,2013-03-01,Charged Off
NH,2013-03-01,Fully Paid
NY,2013-03-01,Charged Off
SC,2013-03-01,Fully Paid
NJ,2013-03-01,Fully Paid
WA,2013-03-01,Charged Off
AK,2013-03-01,Fully Paid
NC,2013-03-01,Charged Off
LA,2013-03-01,Charged Off
AR,2013-03-01,Fully Paid
CA,2013-03-01,Charged Off
KS,2013-03-01,Fully Paid
OR,2013-03-01,Charged Off
HI,2013-04-01,Fully Paid
WA,2013-04-01,Fully Paid
OH,2013-04-01,Charged Off
LA,2013-04-01,Fully Paid
PA,2013-04-01,Charged Off
NY,2013-04-01,Charged Off
PA,2013-04-01,Fully Paid
MO,2013-04-01,Fully Paid
MD,2013-04-01,Fully Paid
WV,2013-04-01,Fully Paid
CT,2013-04-01,Charged Off
NV,2013-04-01,Fully Paid
SC,2013-04-01,Fully Paid
AK,2013-04-01,Fully Paid
KS,2013-04-01,Fully Paid
GA,2013-04-01,Fully Paid
OR,2013-04-01,Fully Paid
AL,2013-04-01,Fully Paid
NJ,2013-04-01,Fully Paid
KY,2013-04-01,Fully Paid
WI,2013-04-01,Fully Paid
HI,2013-04-01,Charged Off
NY,2013-04-01,Fully Paid
AZ,2013-04-01,Charged Off
MI,2013-04-01,Fully Paid
CT,2013-04-01,Fully Paid
OH,2013-04-01,Fully Paid
SC,2013-04-01,Charged Off
OK,2013-04-01,Fully Paid
IL,2013-04-01,Fully Paid
NV,2013-04-01,Charged Off
MA,2013-04-01,Fully Paid
OR,2013-04-01,Charged Off
GA,2013-04-01,Charged Off
MA,2013-04-01,Charged Off
AZ,2013-04-01,Fully Paid
VA,2013-04-01,Charged Off
CA,2013-04-01,Charged Off
CA,2013-04-01,Fully Paid
NC,2013-04-01,Fully Paid
CO,2013-04-01,Fully Paid
FL,2013-04-01,Fully Paid
DE,2013-04-01,Fully Paid
TX,2013-04-01,Fully Paid
NM,2013-04-01,Fully Paid
RI,2013-04-01,Fully Paid
TX,2013-04-01,Charged Off
FL,2013-04-01,Charged Off
DC,2013-04-01,Fully Paid
MN,2013-04-01,Fully Paid
VA,2013-04-01,Fully Paid
NH,2013-04-01,Fully Paid
PA,2013-05-01,Fully Paid
NJ,2013-05-01,Fully Paid
AK,2013-05-01,Fully Paid
VA,2013-05-01,Fully Paid
MA,2013-05-01,Fully Paid
SC,2013-05-01,Charged Off
CA,2013-05-01,Fully Paid
IL,2013-05-01,Fully Paid
AR,2013-05-01,Charged Off
MO,2013-05-01,Charged Off
TX,2013-05-01,Charged Off
WY,2013-05-01,Fully Paid
OH,2013-05-01,Charged Off
OR,2013-05-01,Charged Off
OK,2013-05-01,Fully Paid
WV,2013-05-01,Fully Paid
AL,2013-05-01,Fully Paid
MO,2013-05-01,Fully Paid
MN,2013-05-01,Fully Paid
FL,2013-05-01,Charged Off
CA,2013-05-01,Charged Off
KY,2013-05-01,Fully Paid
WA,2013-05-01,Charged Off
UT,2013-05-01,Fully Paid
VA,2013-05-01,Charged Off
OR,2013-05-01,Fully Paid
DE,2013-05-01,Fully Paid
AZ,2013-05-01,Fully Paid
NV,2013-05-01,Fully Paid
CO,2013-05-01,Fully Paid
TX,2013-05-01,Fully Paid
NY,2013-05-01,Fully Paid
IA,2013-05-01,Fully Paid
MI,2013-05-01,Fully Paid
SD,2013-05-01,Fully Paid
CT,2013-05-01,Fully Paid
NJ,2013-05-01,Charged Off
FL,2013-05-01,Fully Paid
NY,2013-05-01,Charged Off
WA,2013-05-01,Fully Paid
CO,2013-05-01,Charged Off
KS,2013-05-01,Fully Paid
GA,2013-05-01,Fully Paid
AR,2013-05-01,Fully Paid
OH,2013-05-01,Fully Paid
MD,2013-05-01,Fully Paid
SC,2013-05-01,Fully Paid
LA,2013-05-01,Fully Paid
DC,2013-05-01,Fully Paid
NC,2013-05-01,Fully Paid
LA,2013-05-01,Charged Off
NH,2013-05-01,Fully Paid
NV,2013-05-01,Charged Off
WY,2013-06-01,Charged Off
MD,2013-06-01,Charged Off
NC,2013-06-01,Charged Off
NJ,2013-06-01,Charged Off
TX,2013-06-01,Fully Paid
CT,2013-06-01,Fully Paid
AZ,2013-06-01,Charged Off
MI,2013-06-01,Fully Paid
FL,2013-06-01,Fully Paid
MN,2013-06-01,Fully Paid
MA,2013-06-01,Fully Paid
AZ,2013-06-01,Fully Paid
NY,2013-06-01,Charged Off
MA,2013-06-01,Charged Off
MO,2013-06-01,Fully Paid
UT,2013-06-01,Fully Paid
NC,2013-06-01,Fully Paid
VT,2013-06-01,Fully Paid
PA,2013-06-01,Fully Paid
IL,2013-06-01,Charged Off
OH,2013-06-01,Fully Paid
OK,2013-06-01,Charged Off
RI,2013-06-01,Charged Off
CA,2013-06-01,Charged Off
CA,2013-06-01,Fully Paid
WA,2013-06-01,Charged Off
WA,2013-06-01,Fully Paid
AL,2013-06-01,Charged Off
VA,2013-06-01,Charged Off
NM,2013-06-01,Fully Paid
CO,2013-06-01,Fully Paid
DC,2013-06-01,Fully Paid
NJ,2013-06-01,Fully Paid
CO,2013-06-01,Charged Off
VA,2013-06-01,Fully Paid
WV,2013-06-01,Fully Paid
MD,2013-06-01,Fully Paid
IL,2013-06-01,Fully Paid
AL,2013-06-01,Fully Paid
GA,2013-06-01,Fully Paid
FL,2013-06-01,Charged Off
SC,2013-06-01,Fully Paid
HI,2013-06-01,Fully Paid
MT,2013-06-01,Fully Paid
NV,2013-06-01,Fully Paid
NY,2013-06-01,Fully Paid
OH,2013-07-01,Fully Paid
OK,2013-07-01,Charged Off
RI,2013-07-01,Fully Paid
AZ,2013-07-01,Fully Paid
AL,2013-07-01,Fully Paid
KS,2013-07-01,Fully Paid
LA,2013-07-01,Fully Paid
WV,2013-07-01,Fully Paid
VA,2013-07-01,Fully Paid
OR,2013-07-01,Fully Paid
MN,2013-07-01,Fully Paid
NV,2013-07-01,Fully Paid
MD,2013-07-01,Fully Paid
CT,2013-07-01,Fully Paid
UT,2013-07-01,Fully Paid
MI,2013-07-01,Fully Paid
MD,2013-07-01,Charged Off
FL,2013-07-01,Fully Paid
CO,2013-07-01,Charged Off
FL,2013-07-01,Charged Off
NJ,2013-07-01,Fully Paid
TX,2013-07-01,Fully Paid
WI,2013-07-01,Fully Paid
NC,2013-07-01,Fully Paid
CA,2013-07-01,Charged Off
IL,2013-07-01,Charged Off
IL,2013-07-01,Fully Paid
UT,2013-07-01,Charged Off
MO,2013-07-01,Charged Off
OR,2013-07-01,Charged Off
KY,2013-07-01,Fully Paid
SC,2013-07-01,Fully Paid
CO,2013-07-01,Fully Paid
WA,2013-07-01,Fully Paid
NC,2013-07-01,Charged Off
CA,2013-07-01,Fully Paid
OK,2013-07-01,Fully Paid
NY,2013-07-01,Charged Off
HI,2013-07-01,Charged Off
MA,2013-07-01,Fully Paid
GA,2013-07-01,Fully Paid
NY,2013-07-01,Fully Paid
MO,2013-07-01,Fully Paid
PA,2013-07-01,Fully Paid
OH,2013-07-01,Charged Off
VA,2013-07-01,Charged Off
GA,2013-07-01,Charged Off
NJ,2013-07-01,Charged Off
MA,2013-07-01,Charged Off
OH,2013-08-01,Charged Off
NH,2013-08-01,Charged Off
OK,2013-08-01,Charged Off
NC,2013-08-01,Fully Paid
WI,2013-08-01,Charged Off
GA,2013-08-01,Fully Paid
PA,2013-08-01,Fully Paid
CT,2013-08-01,Fully Paid
NY,2013-08-01,Fully Paid
LA,2013-08-01,Charged Off
NH,2013-08-01,Fully Paid
MO,2013-08-01,Charged Off
CO,2013-08-01,Fully Paid
VA,2013-08-01,Fully Paid
NV,2013-08-01,Fully Paid
MO,2013-08-01,Fully Paid
FL,2013-08-01,Fully Paid
WA,2013-08-01,Fully Paid
MD,2013-08-01,Fully Paid
SC,2013-08-01,Fully Paid
WI,2013-08-01,Fully Paid
VT,2013-08-01,Fully Paid
OR,2013-08-01,Fully Paid
LA,2013-08-01,Fully Paid
IL,2013-08-01,Fully Paid
DC,2013-08-01,Fully Paid
MI,2013-08-01,Fully Paid
CA,2013-08-01,Fully Paid
KY,2013-08-01,Fully Paid
AL,2013-08-01,Fully Paid
HI,2013-08-01,Fully Paid
CA,2013-08-01,Charged Off
MN,2013-08-01,Fully Paid
MA,2013-08-01,Charged Off
DE,2013-08-01,Fully Paid
NJ,2013-08-01,Charged Off
AL,2013-08-01,Charged Off
AZ,2013-08-01,Fully Paid
NM,2013-08-01,Fully Paid
AR,2013-08-01,Fully Paid
TX,2013-08-01,Charged Off
OH,2013-08-01,Fully Paid
WV,2013-08-01,Fully Paid
UT,2013-08-01,Fully Paid
NJ,2013-08-01,Fully Paid
TX,2013-08-01,Fully Paid
MA,2013-08-01,Fully Paid
IL,2013-09-01,Fully Paid
DE,2013-09-01,Fully Paid
NJ,2013-09-01,Fully Paid
FL,2013-09-01,Fully Paid
PA,2013-09-01,Fully Paid
NV,2013-09-01,Fully Paid
MN,2013-09-01,Fully Paid
FL,2013-09-01,Charged Off
UT,2013-09-01,Fully Paid
NC,2013-09-01,Fully Paid
WA,2013-09-01,Fully Paid
MI,2013-09-01,Fully Paid
WA,2013-09-01,Charged Off
CA,2013-09-01,Charged Off
GA,2013-09-01,Fully Paid
MA,2013-09-01,Fully Paid
OH,2013-09-01,Fully Paid
MO,2013-09-01,Charged Off
CO,2013-09-01,Fully Paid
TX,2013-09-01,Fully Paid
LA,2013-09-01,Fully Paid
NJ,2013-09-01,Charged Off
KY,2013-09-01,Fully Paid
WV,2013-09-01,Fully Paid
CA,2013-09-01,Fully Paid
SC,2013-09-01,Fully Paid
IL,2013-09-01,Charged Off
WI,2013-09-01,Fully Paid
MO,2013-09-01,Fully Paid
MD,2013-09-01,Fully Paid
MA,2013-09-01,Charged Off
AZ,2013-09-01,Fully Paid
NY,2013-09-01,Fully Paid
OK,2013-09-01,Fully Paid
DC,2013-09-01,Fully Paid
VA,2013-09-01,Fully Paid
HI,2013-09-01,Fully Paid
AL,2013-09-01,Fully Paid
CT,2013-09-01,Fully Paid
NC,2013-09-01,Charged Off
NM,2013-09-01,Fully Paid
AZ,2013-09-01,Charged Off
NC,2013-10-01,Charged Off
WI,2013-10-01,Fully Paid
TX,2013-10-01,Charged Off
NJ,2013-10-01,Fully Paid
CA,2013-10-01,Charged Off
MD,2013-10-01,Fully Paid
CT,2013-10-01,Fully Paid
FL,2013-10-01,Fully Paid
NV,2013-10-01,Charged Off
NY,2013-10-01,Fully Paid
PA,2013-10-01,Fully Paid
UT,2013-10-01,Fully Paid
NY,2013-10-01,Charged Off
NM,2013-10-01,Fully Paid
LA,2013-10-01,Fully Paid
SC,2013-10-01,Charged Off
MD,2013-10-01,Charged Off
MN,2013-10-01,Fully Paid
OR,2013-10-01,Fully Paid
MT,2013-10-01,Fully Paid
AZ,2013-10-01,Fully Paid
VA,2013-10-01,Charged Off
MO,2013-10-01,Fully Paid
WA,2013-10-01,Fully Paid
OK,2013-10-01,Fully Paid
CO,2013-10-01,Fully Paid
GA,2013-10-01,Charged Off
IL,2013-10-01,Fully Paid
VA,2013-10-01,Fully Paid
AL,2013-10-01,Fully Paid
CA,2013-10-01,Fully Paid
TX,2013-10-01,Fully Paid
NH,2013-10-01,Fully Paid
WV,2013-10-01,Fully Paid
FL,2013-10-01,Charged Off
NM,2013-10-01,Charged Off
GA,2013-10-01,Fully Paid
DE,2013-10-01,Fully Paid
MA,2013-10-01,Fully Paid
DC,2013-10-01,Fully Paid
AR,2013-10-01,Fully Paid
OH,2013-10-01,Fully Paid
MI,2013-10-01,Fully Paid
KY,2013-11-01,Fully Paid
WI,2013-11-01,Fully Paid
GA,2013-11-01,Fully Paid
CA,2013-11-01,Charged Off
OR,2013-11-01,Fully Paid
MN,2013-11-01,Fully Paid
RI,2013-11-01,Fully Paid
SC,2013-11-01,Fully Paid
AZ,2013-11-01,Charged Off
NC,2013-11-01,Fully Paid
IL,2013-11-01,Fully Paid
VA,2013-11-01,Charged Off
NV,2013-11-01,Charged Off
FL,2013-11-01,Fully Paid
NH,2013-11-01,Fully Paid
SD,2013-11-01,Fully Paid
CA,2013-11-01,Fully Paid
NY,2013-11-01,Charged Off
HI,2013-11-01,Fully Paid
MA,2013-11-01,Fully Paid
MD,2013-11-01,Fully Paid
PA,2013-11-01,Fully Paid
AR,2013-11-01,Fully Paid
VA,2013-11-01,Fully Paid
TX,2013-11-01,Fully Paid
NM,2013-11-01,Fully Paid
MO,2013-11-01,Charged Off
OH,2013-11-01,Fully Paid
NJ,2013-11-01,Fully Paid
OK,2013-11-01,Fully Paid
AL,2013-11-01,Fully Paid
AZ,2013-11-01,Fully Paid
CT,2013-11-01,Fully Paid
MI,2013-11-01,Charged Off
CO,2013-11-01,Fully Paid
MA,2013-11-01,Charged Off
UT,2013-11-01,Fully Paid
LA,2013-11-01,Fully Paid
DE,2013-11-01,Fully Paid
TN,2013-11-01,Fully Paid
NY,2013-11-01,Fully Paid
NJ,2013-11-01,Charged Off
WA,2013-11-01,Fully Paid
IN,2013-11-01,Fully Paid
MI,2013-11-01,Fully Paid
NC,2013-11-01,Charged Off
MD,2013-11-01,Charged Off
PA,2013-11-01,Charged Off
NV,2013-11-01,Fully Paid
NC,2013-12-01,Fully Paid
MN,2013-12-01,Charged Off
UT,2013-12-01,Fully Paid
MD,2013-12-01,Fully Paid
GA,2013-12-01,Fully Paid
OH,2013-12-01,Fully Paid
HI,2013-12-01,Fully Paid
SC,2013-12-01,Fully Paid
MN,2013-12-01,Fully Paid
WA,2013-12-01,Fully Paid
NY,2013-12-01,Charged Off
MI,2013-12-01,Charged Off
WI,2013-12-01,Fully Paid
TX,2013-12-01,Fully Paid
MA,2013-12-01,Fully Paid
NY,2013-12-01,Fully Paid
MI,2013-12-01,Fully Paid
CA,2013-12-01,Fully Paid
NJ,2013-12-01,Fully Paid
AZ,2013-12-01,Fully Paid
AR,2013-12-01,Fully Paid
VA,2013-12-01,Fully Paid
WV,2013-12-01,Fully Paid
AL,2013-12-01,Fully Paid
OR,2013-12-01,Fully Paid
CA,2013-12-01,Charged Off
LA,2013-12-01,Charged Off
CT,2013-12-01,Fully Paid
DE,2013-12-01,Fully Paid
CO,2013-12-01,Fully Paid
FL,2013-12-01,Fully Paid
NJ,2013-12-01,Charged Off
RI,2013-12-01,Fully Paid
DC,2013-12-01,Fully Paid
MA,2013-12-01,Charged Off
IL,2013-12-01,Fully Paid
KS,2013-12-01,Fully Paid
TX,2013-12-01,Charged Off
MO,2013-12-01,Fully Paid
NV,2013-12-01,Fully Paid
PA,2013-12-01,Fully Paid
LA,2013-12-01,Fully Paid
FL,2013-12-01,Charged Off
GA,2014-01-01,Fully Paid
NC,2014-01-01,Fully Paid
WV,2014-01-01,Charged Off
MA,2014-01-01,Charged Off
NC,2014-01-01,Charged Off
TX,2014-01-01,Fully Paid
OH,2014-01-01,Fully Paid
KY,2014-01-01,Charged Off
CO,2014-01-01,Fully Paid
NV,2014-01-01,Fully Paid
FL,2014-01-01,Fully Paid
MI,2014-01-01,Fully Paid
PA,2014-01-01,Fully Paid
HI,2014-01-01,Fully Paid
NH,2014-01-01,Fully Paid
SD,2014-01-01,Fully Paid
MD,2014-01-01,Fully Paid
NJ,2014-01-01,Fully Paid
IL,2014-01-01,Fully Paid
KS,2014-01-01,Fully Paid
MN,2014-01-01,Fully Paid
AZ,2014-01-01,Fully Paid
CT,2014-01-01,Fully Paid
OR,2014-01-01,Fully Paid
NY,2014-01-01,Fully Paid
NH,2014-01-01,Charged Off
MT,2014-01-01,Fully Paid
DE,2014-01-01,Fully Paid
KY,2014-01-01,Fully Paid
LA,2014-01-01,Fully Paid
VT,2014-01-01,Fully Paid
AR,2014-01-01,Fully Paid
UT,2014-01-01,Fully Paid
AK,2014-01-01,Fully Paid
WV,2014-01-01,Fully Paid
AL,2014-01-01,Fully Paid
OK,2014-01-01,Fully Paid
FL,2014-01-01,Charged Off
MA,2014-01-01,Fully Paid
MN,2014-01-01,Charged Off
CA,2014-01-01,Fully Paid
NY,2014-01-01,Charged Off
MO,2014-01-01,Fully Paid
VA,2014-01-01,Fully Paid
DC,2014-01-01,Fully Paid
CA,2014-01-01,Charged Off
MD,2014-01-01,Charged Off
NM,2014-01-01,Fully Paid
RI,2014-01-01,Fully Paid
IL,2014-01-01,Charged Off
WA,2014-01-01,Fully Paid
VT,2014-02-01,Fully Paid
PA,2014-02-01,Charged Off
WY,2014-02-01,Fully Paid
KY,2014-02-01,Fully Paid
AL,2014-02-01,Fully Paid
CA,2014-02-01,Charged Off
LA,2014-02-01,Charged Off
MD,2014-02-01,Fully Paid
NC,2014-02-01,Fully Paid
VA,2014-02-01,Fully Paid
TX,2014-02-01,Charged Off
NV,2014-02-01,Fully Paid
MO,2014-02-01,Charged Off
IL,2014-02-01,Fully Paid
SC,2014-02-01,Fully Paid
NY,2014-02-01,Fully Paid
LA,2014-02-01,Fully Paid
MI,2014-02-01,Fully Paid
MO,2014-02-01,Fully Paid
NJ,2014-02-01,Fully Paid
TX,2014-02-01,Fully Paid
WA,2014-02-01,Fully Paid
WI,2014-02-01,Fully Paid
MA,2014-02-01,Charged Off
PA,2014-02-01,Fully Paid
WV,2014-02-01,Fully Paid
OR,2014-02-01,Fully Paid
SD,2014-02-01,Fully Paid
CT,2014-02-01,Fully Paid
DC,2014-02-01,Fully Paid
MT,2014-02-01,Fully Paid
MN,2014-02-01,Fully Paid
AZ,2014-02-01,Fully Paid
UT,2014-02-01,Fully Paid
KS,2014-02-01,Fully Paid
NH,2014-02-01,Fully Paid
AZ,2014-02-01,Charged Off
FL,2014-02-01,Charged Off
OH,2014-02-01,Fully Paid
AK,2014-02-01,Fully Paid
NV,2014-02-01,Charged Off
GA,2014-02-01,Fully Paid
FL,2014-02-01,Fully Paid
TN,2014-02-01,Fully Paid
CO,2014-02-01,Fully Paid
CA,2014-02-01,Fully Paid
MA,2014-02-01,Fully Paid
OH,2014-03-01,Fully Paid
IL,2014-03-01,Charged Off
MD,2014-03-01,Fully Paid
NV,2014-03-01,Fully Paid
IL,2014-03-01,Fully Paid
NJ,2014-03-01,Fully Paid
SC,2014-03-01,Fully Paid
NY,2014-03-01,Charged Off
CT,2014-03-01,Fully Paid
KY,2014-03-01,Fully Paid
RI,2014-03-01,Fully Paid
CO,2014-03-01,Fully Paid
FL,2014-03-01,Fully Paid
WI,2014-03-01,Charged Off
CA,2014-03-01,Fully Paid
DE,2014-03-01,Fully Paid
NC,2014-03-01,Fully Paid
WA,2014-03-01,Fully Paid
WI,2014-03-01,Fully Paid
VA,2014-03-01,Fully Paid
AZ,2014-03-01,Fully Paid
GA,2014-03-01,Fully Paid
OR,2014-03-01,Fully Paid
TX,2014-03-01,Fully Paid
MO,2014-03-01,Fully Paid
OK,2014-03-01,Fully Paid
CA,2014-03-01,Charged Off
AL,2014-03-01,Fully Paid
MI,2014-03-01,Fully Paid
AK,2014-03-01,Fully Paid
NY,2014-03-01,Fully Paid
UT,2014-03-01,Fully Paid
NM,2014-03-01,Fully Paid
NJ,2014-03-01,Charged Off
MA,2014-03-01,Fully Paid
WY,2014-03-01,Fully Paid
MN,2014-03-01,Fully Paid
PA,2014-03-01,Fully Paid
AR,2014-03-01,Fully Paid
KS,2014-03-01,Fully Paid
FL,2014-03-01,Charged Off
MI,2014-03-01,Charged Off
AK,2014-04-01,Fully Paid
NC,2014-04-01,Fully Paid
WI,2014-04-01,Charged Off
AL,2014-04-01,Charged Off
VA,2014-04-01,Charged Off
RI,2014-04-01,Charged Off
MT,2014-04-01,Fully Paid
TX,2014-04-01,Charged Off
OR,2014-04-01,Fully Paid
NJ,2014-04-01,Fully Paid
PA,2014-04-01,Fully Paid
LA,2014-04-01,Fully Paid
DE,2014-04-01,Fully Paid
OK,2014-04-01,Fully Paid
CT,2014-04-01,Fully Paid
KY,2014-04-01,Fully Paid
MN,2014-04-01,Fully Paid
CA,2014-04-01,Fully Paid
CA,2014-04-01,Charged Off
FL,2014-04-01,Fully Paid
MI,2014-04-01,Fully Paid
NY,2014-04-01,Charged Off
MI,2014-04-01,Charged Off
MA,2014-04-01,Fully Paid
GA,2014-04-01,Fully Paid
TX,2014-04-01,Fully Paid
NC,2014-04-01,Charged Off
MD,2014-04-01,Charged Off
MO,2014-04-01,Fully Paid
MD,2014-04-01,Fully Paid
CO,2014-04-01,Fully Paid
NY,2014-04-01,Fully Paid
AZ,2014-04-01,Charged Off
AZ,2014-04-01,Fully Paid
DC,2014-04-01,Fully Paid
WI,2014-04-01,Fully Paid
FL,2014-04-01,Charged Off
VA,2014-04-01,Fully Paid
NV,2014-04-01,Fully Paid
AL,2014-04-01,Fully Paid
UT,2014-04-01,Fully Paid
NH,2014-04-01,Fully Paid
OH,2014-04-01,Fully Paid
IL,2014-04-01,Fully Paid
MO,2014-05-01,Charged Off
VA,2014-05-01,Charged Off
TX,2014-05-01,Fully Paid
WI,2014-05-01,Fully Paid
WA,2014-05-01,Fully Paid
MA,2014-05-01,Fully Paid
MD,2014-05-01,Charged Off
OK,2014-05-01,Fully Paid
KY,2014-05-01,Fully Paid
MD,2014-05-01,Fully Paid
FL,2014-05-01,Fully Paid
SD,2014-05-01,Fully Paid
OR,2014-05-01,Fully Paid
KS,2014-05-01,Fully Paid
LA,2014-05-01,Fully Paid
NJ,2014-05-01,Fully Paid
NC,2014-05-01,Charged Off
AK,2014-05-01,Fully Paid
HI,2014-05-01,Fully Paid
PA,2014-05-01,Fully Paid
IL,2014-05-01,Fully Paid
CA,2014-05-01,Fully Paid
CT,2014-05-01,Fully Paid
NC,2014-05-01,Fully Paid
NJ,2014-05-01,Charged Off
AZ,2014-05-01,Fully Paid
VA,2014-05-01,Fully Paid
AR,2014-05-01,Fully Paid
MA,2014-05-01,Charged Off
OH,2014-05-01,Fully Paid
NV,2014-05-01,Fully Paid
DC,2014-05-01,Fully Paid
GA,2014-05-01,Fully Paid
CA,2014-05-01,Charged Off
NY,2014-05-01,Charged Off
SC,2014-05-01,Fully Paid
WA,2014-05-01,Charged Off
MN,2014-05-01,Fully Paid
NY,2014-05-01,Fully Paid
TX,2014-05-01,Charged Off
NH,2014-05-01,Fully Paid
FL,2014-05-01,Charged Off
LA,2014-05-01,Charged Off
IL,2014-05-01,Charged Off
MO,2014-05-01,Fully Paid
AL,2014-05-01,Fully Paid
CO,2014-05-01,Charged Off
SC,2014-06-01,Charged Off
PA,2014-06-01,Fully Paid
AZ,2014-06-01,Fully Paid
WA,2014-06-01,Fully Paid
SC,2014-06-01,Fully Paid
MI,2014-06-01,Fully Paid
MN,2014-06-01,Fully Paid
LA,2014-06-01,Charged Off
MT,2014-06-01,Fully Paid
CO,2014-06-01,Fully Paid
NV,2014-06-01,Fully Paid
OH,2014-06-01,Charged Off
NY,2014-06-01,Fully Paid
FL,2014-06-01,Fully Paid
NJ,2014-06-01,Fully Paid
NY,2014-06-01,Charged Off
WV,2014-06-01,Fully Paid
SD,2014-06-01,Fully Paid
VA,2014-06-01,Charged Off
CA,2014-06-01,Fully Paid
IL,2014-06-01,Fully Paid
NJ,2014-06-01,Charged Off
CT,2014-06-01,Fully Paid
GA,2014-06-01,Fully Paid
MO,2014-06-01,Fully Paid
TX,2014-06-01,Fully Paid
OH,2014-06-01,Fully Paid
NH,2014-06-01,Fully Paid
HI,2014-06-01,Fully Paid
MI,2014-06-01,Charged Off
VA,2014-06-01,Fully Paid
AL,2014-06-01,Fully Paid
MD,2014-06-01,Fully Paid
MA,2014-06-01,Fully Paid
UT,2014-06-01,Fully Paid
OR,2014-06-01,Fully Paid
CA,2014-06-01,Charged Off
OK,2014-07-01,Fully Paid
SC,2014-07-01,Fully Paid
IL,2014-07-01,Fully Paid
NJ,2014-07-01,Charged Off
MI,2014-07-01,Fully Paid
MD,2014-07-01,Fully Paid
OH,2014-07-01,Fully Paid
UT,2014-07-01,Fully Paid
NC,2014-07-01,Fully Paid
VA,2014-07-01,Fully Paid
CA,2014-07-01,Charged Off
MO,2014-07-01,Fully Paid
VA,2014-07-01,Charged Off
KS,2014-07-01,Fully Paid
PA,2014-07-01,Fully Paid
CO,2014-07-01,Fully Paid
WA,2014-07-01,Charged Off
RI,2014-07-01,Charged Off
OH,2014-07-01,Charged Off
CA,2014-07-01,Fully Paid
KY,2014-07-01,Fully Paid
NJ,2014-07-01,Fully Paid
LA,2014-07-01,Fully Paid
MN,2014-07-01,Fully Paid
FL,2014-07-01,Fully Paid
MA,2014-07-01,Fully Paid
TX,2014-07-01,Fully Paid
SC,2014-07-01,Charged Off
DE,2014-07-01,Fully Paid
GA,2014-07-01,Fully Paid
NV,2014-07-01,Fully Paid
WA,2014-07-01,Fully Paid
AZ,2014-07-01,Fully Paid
WI,2014-07-01,Fully Paid
NY,2014-07-01,Fully Paid
GA,2014-07-01,Charged Off
AR,2014-07-01,Fully Paid
CT,2014-07-01,Charged Off
CT,2014-07-01,Fully Paid
OR,2014-07-01,Fully Paid
IL,2014-07-01,Charged Off
KY,2014-08-01,Fully Paid
WY,2014-08-01,Fully Paid
VT,2014-08-01,Fully Paid
SC,2014-08-01,Charged Off
WA,2014-08-01,Fully Paid
MO,2014-08-01,Fully Paid
WV,2014-08-01,Fully Paid
NJ,2014-08-01,Charged Off
FL,2014-08-01,Charged Off
SC,2014-08-01,Fully Paid
MA,2014-08-01,Fully Paid
LA,2014-08-01,Charged Off
NV,2014-08-01,Fully Paid
OH,2014-08-01,Fully Paid
CA,2014-08-01,Fully Paid
NH,2014-08-01,Fully Paid
TX,2014-08-01,Fully Paid
IL,2014-08-01,Fully Paid
MA,2014-08-01,Charged Off
MD,2014-08-01,Fully Paid
DE,2014-08-01,Fully Paid
CO,2014-08-01,Fully Paid
NJ,2014-08-01,Fully Paid
MN,2014-08-01,Fully Paid
NY,2014-08-01,Fully Paid
AZ,2014-08-01,Fully Paid
MI,2014-08-01,Fully Paid
VA,2014-08-01,Fully Paid
CA,2014-08-01,Charged Off
WI,2014-08-01,Fully Paid
OR,2014-08-01,Fully Paid
NE,2014-08-01,Fully Paid
PA,2014-08-01,Fully Paid
NM,2014-08-01,Fully Paid
GA,2014-08-01,Fully Paid
RI,2014-08-01,Fully Paid
CT,2014-08-01,Fully Paid
FL,2014-08-01,Fully Paid
NC,2014-08-01,Fully Paid
FL,2014-09-01,Charged Off
OR,2014-09-01,Fully Paid
DE,2014-09-01,Fully Paid
VA,2014-09-01,Fully Paid
VT,2014-09-01,Fully Paid
WI,2014-09-01,Fully Paid
GA,2014-09-01,Fully Paid
MD,2014-09-01,Fully Paid
WA,2014-09-01,Fully Paid
NH,2014-09-01,Fully Paid
PA,2014-09-01,Fully Paid
MI,2014-09-01,Fully Paid
IL,2014-09-01,Charged Off
CT,2014-09-01,Fully Paid
LA,2014-09-01,Fully Paid
NY,2014-09-01,Fully Paid
NC,2014-09-01,Fully Paid
CA,2014-09-01,Charged Off
MO,2014-09-01,Fully Paid
SC,2014-09-01,Fully Paid
MN,2014-09-01,Fully Paid
KS,2014-09-01,Fully Paid
NJ,2014-09-01,Fully Paid
KY,2014-09-01,Fully Paid
NV,2014-09-01,Fully Paid
TX,2014-09-01,Fully Paid
WV,2014-09-01,Fully Paid
AZ,2014-09-01,Fully Paid
WY,2014-09-01,Fully Paid
AL,2014-09-01,Fully Paid
CA,2014-09-01,Fully Paid
FL,2014-09-01,Fully Paid
OH,2014-09-01,Fully Paid
CO,2014-09-01,Fully Paid
MA,2014-09-01,Fully Paid
HI,2014-09-01,Fully Paid
IL,2014-09-01,Fully Paid
AL,2014-09-01,Charged Off
NV,2014-09-01,Charged Off
OK,2014-09-01,Fully Paid
UT,2014-09-01,Fully Paid
MI,2014-09-01,Charged Off
NY,2014-09-01,Charged Off
WA,2014-09-01,Charged Off
NH,2014-10-01,Charged Off
WI,2014-10-01,Fully Paid
WA,2014-10-01,Fully Paid
CT,2014-10-01,Fully Paid
MD,2014-10-01,Charged Off
AL,2014-10-01,Fully Paid
IL,2014-10-01,Charged Off
MO,2014-10-01,Fully Paid
NJ,2014-10-01,Fully Paid
WV,2014-10-01,Charged Off
NY,2014-10-01,Fully Paid
GA,2014-10-01,Fully Paid
OH,2014-10-01,Charged Off
VA,2014-10-01,Fully Paid
HI,2014-10-01,Fully Paid
FL,2014-10-01,Fully Paid
FL,2014-10-01,Charged Off
OK,2014-10-01,Fully Paid
TX,2014-10-01,Fully Paid
OH,2014-10-01,Fully Paid
IL,2014-10-01,Fully Paid
NV,2014-10-01,Fully Paid
DC,2014-10-01,Fully Paid
AZ,2014-10-01,Fully Paid
PA,2014-10-01,Fully Paid
MA,2014-10-01,Charged Off
NM,2014-10-01,Fully Paid
NY,2014-10-01,Charged Off
MN,2014-10-01,Fully Paid
MA,2014-10-01,Fully Paid
CA,2014-10-01,Charged Off
CA,2014-10-01,Fully Paid
LA,2014-10-01,Fully Paid
SC,2014-10-01,Fully Paid
OR,2014-10-01,Fully Paid
CT,2014-10-01,Charged Off
AR,2014-10-01,Fully Paid
MD,2014-10-01,Fully Paid
CO,2014-10-01,Fully Paid
AL,2014-11-01,Fully Paid
MA,2014-11-01,Fully Paid
NV,2014-11-01,Fully Paid
CO,2014-11-01,Fully Paid
CA,2014-11-01,Fully Paid
CA,2014-11-01,Charged Off
GA,2014-11-01,Fully Paid
NJ,2014-11-01,Fully Paid
TX,2014-11-01,Charged Off
OH,2014-11-01,Fully Paid
WI,2014-11-01,Fully Paid
SC,2014-11-01,Fully Paid
NY,2014-11-01,Fully Paid
NH,2014-11-01,Fully Paid
VT,2014-11-01,Fully Paid
IL,2014-11-01,Fully Paid
LA,2014-11-01,Charged Off
TX,2014-11-01,Fully Paid
PA,2014-11-01,Fully Paid
WA,2014-11-01,Fully Paid
KY,2014-11-01,Fully Paid
KS,2014-11-01,Fully Paid
CT,2014-11-01,Fully Paid
MI,2014-11-01,Fully Paid
OR,2014-11-01,Fully Paid
WV,2014-11-01,Fully Paid
FL,2014-11-01,Fully Paid
NC,2014-11-01,Charged Off
VA,2014-11-01,Fully Paid
NY,2014-11-01,Charged Off
UT,2014-11-01,Charged Off
AZ,2014-11-01,Fully Paid
MD,2014-11-01,Fully Paid
GA,2014-11-01,Charged Off
FL,2014-11-01,Charged Off
NC,2014-11-01,Fully Paid
WA,2014-12-01,Fully Paid
MI,2014-12-01,Charged Off
VA,2014-12-01,Fully Paid
NV,2014-12-01,Fully Paid
MD,2014-12-01,Charged Off
MI,2014-12-01,Fully Paid
MA,2014-12-01,Fully Paid
CA,2014-12-01,Charged Off
CO,2014-12-01,Fully Paid
SC,2014-12-01,Fully Paid
MN,2014-12-01,Fully Paid
AZ,2014-12-01,Fully Paid
NJ,2014-12-01,Fully Paid
NC,2014-12-01,Fully Paid
MA,2014-12-01,Charged Off
NY,2014-12-01,Fully Paid
UT,2014-12-01,Fully Paid
GA,2014-12-01,Fully Paid
VA,2014-12-01,Charged Off
FL,2014-12-01,Fully Paid
AL,2014-12-01,Fully Paid
MD,2014-12-01,Fully Paid
OK,2014-12-01,Fully Paid
WV,2014-12-01,Fully Paid
PA,2014-12-01,Fully Paid
LA,2014-12-01,Fully Paid
WI,2014-12-01,Charged Off
GA,2014-12-01,Charged Off
FL,2014-12-01,Charged Off
AR,2014-12-01,Fully Paid
TX,2014-12-01,Fully Paid
CT,2014-12-01,Fully Paid
NJ,2014-12-01,Charged Off
MO,2014-12-01,Fully Paid
NH,2014-12-01,Fully Paid
CA,2014-12-01,Fully Paid
IL,2014-12-01,Fully Paid
OR,2014-12-01,Fully Paid
DE,2014-12-01,Fully Paid
DC,2014-12-01,Fully Paid
OK,2015-01-01,Fully Paid
LA,2015-01-01,Fully Paid
NV,2015-01-01,Fully Paid
FL,2015-01-01,Fully Paid
CA,2015-01-01,Fully Paid
GA,2015-01-01,Fully Paid
WA,2015-01-01,Fully Paid
OR,2015-01-01,Fully Paid
KS,2015-01-01,Fully Paid
MA,2015-01-01,Fully Paid
CO,2015-01-01,Fully Paid
DC,2015-01-01,Fully Paid
AL,2015-01-01,Fully Paid
AR,2015-01-01,Fully Paid
MO,2015-01-01,Fully Paid
UT,2015-01-01,Fully Paid
AZ,2015-01-01,Fully Paid
NC,2015-01-01,Fully Paid
NJ,2015-01-01,Fully Paid
NY,2015-01-01,Fully Paid
SC,2015-01-01,Fully Paid
MT,2015-01-01,Fully Paid
NC,2015-01-01,Charged Off
WV,2015-01-01,Fully Paid
DE,2015-01-01,Fully Paid
PA,2015-01-01,Fully Paid
VA,2015-01-01,Fully Paid
LA,2015-01-01,Charged Off
MD,2015-01-01,Fully Paid
NM,2015-01-01,Fully Paid
KY,2015-01-01,Fully Paid
IL,2015-01-01,Fully Paid
TX,2015-01-01,Charged Off
CT,2015-01-01,Charged Off
MI,2015-01-01,Fully Paid
OH,2015-01-01,Fully Paid
SD,2015-01-01,Fully Paid
TX,2015-01-01,Fully Paid
NJ,2015-01-01,Charged Off
CT,2015-01-01,Fully Paid
NM,2015-02-01,Fully Paid
LA,2015-02-01,Charged Off
TX,2015-02-01,Charged Off
MO,2015-02-01,Charged Off
AZ,2015-02-01,Fully Paid
CA,2015-02-01,Charged Off
DC,2015-02-01,Fully Paid
MI,2015-02-01,Fully Paid
FL,2015-02-01,Charged Off
PA,2015-02-01,Fully Paid
KY,2015-02-01,Fully Paid
OR,2015-02-01,Fully Paid
FL,2015-02-01,Fully Paid
CT,2015-02-01,Fully Paid
CO,2015-02-01,Fully Paid
NV,2015-02-01,Fully Paid
SC,2015-02-01,Fully Paid
AR,2015-02-01,Fully Paid
NJ,2015-02-01,Fully Paid
MD,2015-02-01,Fully Paid
MO,2015-02-01,Fully Paid
CA,2015-02-01,Fully Paid
WA,2015-02-01,Fully Paid
MA,2015-02-01,Charged Off
VA,2015-02-01,Fully Paid
IL,2015-02-01,Fully Paid
KS,2015-02-01,Fully Paid
NC,2015-02-01,Fully Paid
RI,2015-02-01,Fully Paid
MN,2015-02-01,Fully Paid
TX,2015-02-01,Fully Paid
GA,2015-02-01,Fully Paid
NJ,2015-02-01,Charged Off
LA,2015-02-01,Fully Paid
OH,2015-02-01,Fully Paid
MA,2015-02-01,Fully Paid
WV,2015-02-01,Fully Paid
SD,2015-02-01,Charged Off
OK,2015-02-01,Fully Paid
NY,2015-02-01,Fully Paid
TX,2015-03-01,Fully Paid
PA,2015-03-01,Fully Paid
OH,2015-03-01,Fully Paid
DC,2015-03-01,Fully Paid
OR,2015-03-01,Fully Paid
CA,2015-03-01,Fully Paid
VA,2015-03-01,Fully Paid
WV,2015-03-01,Fully Paid
AR,2015-03-01,Fully Paid
HI,2015-03-01,Fully Paid
SC,2015-03-01,Fully Paid
NJ,2015-03-01,Fully Paid
MT,2015-03-01,Fully Paid
VA,2015-03-01,Charged Off
AR,2015-03-01,Charged Off
KS,2015-03-01,Fully Paid
NV,2015-03-01,Fully Paid
AZ,2015-03-01,Fully Paid
AL,2015-03-01,Charged Off
CO,2015-03-01,Fully Paid
MD,2015-03-01,Fully Paid
NH,2015-03-01,Fully Paid
WA,2015-03-01,Fully Paid
MA,2015-03-01,Fully Paid
MN,2015-03-01,Charged Off
WY,2015-03-01,Fully Paid
MI,2015-03-01,Fully Paid
NY,2015-03-01,Fully Paid
MO,2015-03-01,Fully Paid
GA,2015-03-01,Fully Paid
CT,2015-03-01,Charged Off
OK,2015-03-01,Fully Paid
TX,2015-03-01,Charged Off
MD,2015-03-01,Charged Off
FL,2015-03-01,Fully Paid
VT,2015-03-01,Charged Off
NJ,2015-03-01,Charged Off
RI,2015-03-01,Fully Paid
IL,2015-03-01,Fully Paid
MN,2015-03-01,Fully Paid
CT,2015-03-01,Fully Paid
NV,2015-03-01,Charged Off
MI,2015-03-01,Charged Off
CA,2015-03-01,Charged Off
NM,2015-04-01,Fully Paid
UT,2015-04-01,Fully Paid
OH,2015-04-01,Charged Off
TX,2015-04-01,Charged Off
MN,2015-04-01,Fully Paid
NM,2015-04-01,Charged Off
WY,2015-04-01,Fully Paid
NV,2015-04-01,Fully Paid
CA,2015-04-01,Charged Off
WA,2015-04-01,Fully Paid
RI,2015-04-01,Fully Paid
CA,2015-04-01,Fully Paid
IL,2015-04-01,Fully Paid
WI,2015-04-01,Fully Paid
VA,2015-04-01,Fully Paid
MA,2015-04-01,Charged Off
MA,2015-04-01,Fully Paid
NY,2015-04-01,Fully Paid
KY,2015-04-01,Fully Paid
MD,2015-04-01,Fully Paid
GA,2015-04-01,Fully Paid
OH,2015-04-01,Fully Paid
AZ,2015-04-01,Fully Paid
FL,2015-04-01,Fully Paid
LA,2015-04-01,Fully Paid
SC,2015-04-01,Fully Paid
OR,2015-04-01,Fully Paid
CO,2015-04-01,Fully Paid
PA,2015-04-01,Fully Paid
MI,2015-04-01,Fully Paid
NJ,2015-04-01,Fully Paid
WV,2015-04-01,Fully Paid
CT,2015-04-01,Fully Paid
AL,2015-04-01,Fully Paid
TX,2015-04-01,Fully Paid
MO,2015-04-01,Fully Paid
VA,2015-05-01,Fully Paid
OR,2015-05-01,Fully Paid
KS,2015-05-01,Fully Paid
LA,2015-05-01,Fully Paid
GA,2015-05-01,Fully Paid
PA,2015-05-01,Charged Off
MA,2015-05-01,Charged Off
NM,2015-05-01,Fully Paid
MT,2015-05-01,Fully Paid
CA,2015-05-01,Fully Paid
TX,2015-05-01,Fully Paid
MS,2015-05-01,Fully Paid
MO,2015-05-01,Fully Paid
CA,2015-05-01,Charged Off
WA,2015-05-01,Fully Paid
FL,2015-05-01,Fully Paid
UT,2015-05-01,Fully Paid
AL,2015-05-01,Fully Paid
PA,2015-05-01,Fully Paid
IL,2015-05-01,Fully Paid
MI,2015-05-01,Fully Paid
AZ,2015-05-01,Fully Paid
MD,2015-05-01,Fully Paid
AR,2015-05-01,Fully Paid
SC,2015-05-01,Fully Paid
CT,2015-05-01,Fully Paid
NJ,2015-05-01,Fully Paid
DE,2015-05-01,Fully Paid
MA,2015-05-01,Fully Paid
RI,2015-05-01,Fully Paid
NY,2015-05-01,Fully Paid
CO,2015-05-01,Fully Paid
OH,2015-05-01,Fully Paid
FL,2015-05-01,Charged Off
KY,2015-05-01,Fully Paid
VA,2015-05-01,Charged Off
NY,2015-05-01,Charged Off
WV,2015-06-01,Fully Paid
UT,2015-06-01,Fully Paid
AR,2015-06-01,Fully Paid
WA,2015-06-01,Fully Paid
MN,2015-06-01,Fully Paid
NV,2015-06-01,Fully Paid
CA,2015-06-01,Fully Paid
MO,2015-06-01,Fully Paid
RI,2015-06-01,Fully Paid
HI,2015-06-01,Fully Paid
OH,2015-06-01,Fully Paid
VA,2015-06-01,Fully Paid
MD,2015-06-01,Fully Paid
MA,2015-06-01,Fully Paid
CT,2015-06-01,Fully Paid
TX,2015-06-01,Fully Paid
DC,2015-06-01,Fully Paid
NJ,2015-06-01,Fully Paid
AL,2015-06-01,Fully Paid
WI,2015-06-01,Fully Paid
WY,2015-06-01,Fully Paid
AZ,2015-06-01,Fully Paid
OK,2015-06-01,Fully Paid
MI,2015-06-01,Fully Paid
KY,2015-06-01,Fully Paid
NY,2015-06-01,Fully Paid
GA,2015-06-01,Fully Paid
SC,2015-06-01,Fully Paid
NC,2015-06-01,Fully Paid
PA,2015-06-01,Fully Paid
LA,2015-06-01,Charged Off
FL,2015-06-01,Fully Paid
NM,2015-06-01,Fully Paid
IL,2015-06-01,Fully Paid
CO,2015-06-01,Fully Paid
WA,2015-07-01,Fully Paid
MA,2015-07-01,Fully Paid
MN,2015-07-01,Fully Paid
FL,2015-07-01,Fully Paid
KS,2015-07-01,Fully Paid
NH,2015-07-01,Fully Paid
PA,2015-07-01,Fully Paid
SC,2015-07-01,Fully Paid
OH,2015-07-01,Fully Paid
CA,2015-07-01,Charged Off
MD,2015-07-01,Fully Paid
NY,2015-07-01,Fully Paid
RI,2015-07-01,Fully Paid
MO,2015-07-01,Fully Paid
CA,2015-07-01,Fully Paid
OK,2015-07-01,Fully Paid
KY,2015-07-01,Fully Paid
IL,2015-07-01,Fully Paid
MD,2015-07-01,Charged Off
NY,2015-07-01,Charged Off
LA,2015-07-01,Fully Paid
TX,2015-07-01,Fully Paid
NC,2015-07-01,Fully Paid
NJ,2015-07-01,Fully Paid
VA,2015-07-01,Fully Paid
AZ,2015-07-01,Fully Paid
AL,2015-07-01,Fully Paid
WV,2015-07-01,Fully Paid
GA,2015-07-01,Fully Paid
MI,2015-07-01,Fully Paid
WY,2015-07-01,Fully Paid
WI,2015-07-01,Fully Paid
CO,2015-07-01,Charged Off
CO,2015-07-01,Fully Paid
CT,2015-07-01,Fully Paid
HI,2015-07-01,Fully Paid
DC,2015-07-01,Fully Paid
OR,2015-07-01,Fully Paid
MO,2015-07-01,Charged Off
AR,2015-07-01,Fully Paid
SD,2015-07-01,Fully Paid
WI,2015-07-01,Charged Off
NM,2015-07-01,Fully Paid
NV,2015-07-01,Fully Paid
OH,2015-07-01,Charged Off
SD,2015-08-01,Fully Paid
DC,2015-08-01,Fully Paid
NM,2015-08-01,Fully Paid
NJ,2015-08-01,Fully Paid
FL,2015-08-01,Fully Paid
RI,2015-08-01,Fully Paid
OK,2015-08-01,Fully Paid
AZ,2015-08-01,Fully Paid
MO,2015-08-01,Fully Paid
CO,2015-08-01,Fully Paid
CA,2015-08-01,Fully Paid
AR,2015-08-01,Fully Paid
LA,2015-08-01,Fully Paid
OH,2015-08-01,Fully Paid
NY,2015-08-01,Fully Paid
HI,2015-08-01,Fully Paid
FL,2015-08-01,Charged Off
CT,2015-08-01,Fully Paid
CA,2015-08-01,Charged Off
PA,2015-08-01,Charged Off
MD,2015-08-01,Fully Paid
TX,2015-08-01,Charged Off
GA,2015-08-01,Fully Paid
KS,2015-08-01,Fully Paid
WI,2015-08-01,Fully Paid
WV,2015-08-01,Fully Paid
UT,2015-08-01,Fully Paid
NV,2015-08-01,Fully Paid
PA,2015-08-01,Fully Paid
AL,2015-08-01,Fully Paid
SC,2015-08-01,Fully Paid
WA,2015-08-01,Fully Paid
LA,2015-08-01,Charged Off
TX,2015-08-01,Fully Paid
VA,2015-08-01,Fully Paid
KY,2015-08-01,Fully Paid
NH,2015-08-01,Fully Paid
MI,2015-08-01,Fully Paid
IL,2015-08-01,Fully Paid
NC,2015-08-01,Fully Paid
MA,2015-08-01,Fully Paid
OR,2015-09-01,Fully Paid
LA,2015-09-01,Fully Paid
AK,2015-09-01,Fully Paid
NY,2015-09-01,Fully Paid
MD,2015-09-01,Fully Paid
AL,2015-09-01,Fully Paid
FL,2015-09-01,Fully Paid
CT,2015-09-01,Fully Paid
OH,2015-09-01,Fully Paid
MN,2015-09-01,Fully Paid
IL,2015-09-01,Fully Paid
CA,2015-09-01,Fully Paid
RI,2015-09-01,Fully Paid
AR,2015-09-01,Fully Paid
NJ,2015-09-01,Fully Paid
TX,2015-09-01,Charged Off
GA,2015-09-01,Charged Off
FL,2015-09-01,Charged Off
AZ,2015-09-01,Fully Paid
WI,2015-09-01,Fully Paid
GA,2015-09-01,Fully Paid
WA,2015-09-01,Fully Paid
MI,2015-09-01,Fully Paid
WY,2015-09-01,Fully Paid
MO,2015-09-01,Charged Off
CO,2015-09-01,Fully Paid
PA,2015-09-01,Fully Paid
WV,2015-09-01,Fully Paid
WA,2015-09-01,Charged Off
MO,2015-09-01,Fully Paid
VA,2015-09-01,Fully Paid
NM,2015-09-01,Fully Paid
KS,2015-09-01,Fully Paid
DC,2015-09-01,Fully Paid
TX,2015-09-01,Fully Paid
MA,2015-09-01,Fully Paid
OK,2015-09-01,Fully Paid
MA,2015-09-01,Charged Off
NC,2015-09-01,Fully Paid
SC,2015-09-01,Fully Paid
NV,2015-09-01,Fully Paid
IL,2015-09-01,Charged Off
SD,2015-09-01,Fully Paid
MT,2015-10-01,Fully Paid
DC,2015-10-01,Fully Paid
AL,2015-10-01,Fully Paid
GA,2015-10-01,Fully Paid
AZ,2015-10-01,Fully Paid
TX,2015-10-01,Fully Paid
IL,2015-10-01,Fully Paid
MD,2015-10-01,Fully Paid
OR,2015-10-01,Fully Paid
UT,2015-10-01,Fully Paid
WV,2015-10-01,Fully Paid
MI,2015-10-01,Fully Paid
OH,2015-10-01,Fully Paid
NM,2015-10-01,Fully Paid
SC,2015-10-01,Fully Paid
KY,2015-10-01,Fully Paid
MO,2015-10-01,Fully Paid
LA,2015-10-01,Fully Paid
WA,2015-10-01,Fully Paid
CO,2015-10-01,Fully Paid
OK,2015-10-01,Fully Paid
HI,2015-10-01,Fully Paid
MA,2015-10-01,Fully Paid
NJ,2015-10-01,Fully Paid
CA,2015-10-01,Fully Paid
MN,2015-10-01,Fully Paid
GA,2015-10-01,Charged Off
VA,2015-10-01,Fully Paid
WI,2015-10-01,Fully Paid
CT,2015-10-01,Fully Paid
AK,2015-10-01,Fully Paid
PA,2015-10-01,Fully Paid
KS,2015-10-01,Fully Paid
NY,2015-10-01,Fully Paid
NV,2015-10-01,Fully Paid
FL,2015-10-01,Fully Paid
MI,2015-11-01,Fully Paid
RI,2015-11-01,Fully Paid
CO,2015-11-01,Fully Paid
WI,2015-11-01,Fully Paid
TX,2015-11-01,Fully Paid
NY,2015-11-01,Fully Paid
NY,2015-11-01,Charged Off
CA,2015-11-01,Fully Paid
WV,2015-11-01,Fully Paid
LA,2015-11-01,Fully Paid
MD,2015-11-01,Fully Paid
KY,2015-11-01,Fully Paid
GA,2015-11-01,Fully Paid
FL,2015-11-01,Charged Off
OH,2015-11-01,Fully Paid
NV,2015-11-01,Fully Paid
VA,2015-11-01,Fully Paid
NJ,2015-11-01,Fully Paid
PA,2015-11-01,Fully Paid
AZ,2015-11-01,Fully Paid
OK,2015-11-01,Fully Paid
CT,2015-11-01,Fully Paid
WI,2015-11-01,Charged Off
MN,2015-11-01,Fully Paid
NC,2015-11-01,Fully Paid
IL,2015-11-01,Fully Paid
NH,2015-11-01,Fully Paid
FL,2015-11-01,Fully Paid
SD,2015-11-01,Fully Paid
OR,2015-11-01,Fully Paid
AR,2015-11-01,Fully Paid
SC,2015-11-01,Fully Paid
MA,2015-11-01,Fully Paid
KS,2015-11-01,Fully Paid
WA,2015-11-01,Fully Paid
AL,2015-11-01,Fully Paid
MO,2015-11-01,Fully Paid
UT,2015-11-01,Fully Paid
MT,2015-12-01,Fully Paid
HI,2015-12-01,Fully Paid
OK,2015-12-01,Charged Off
NH,2015-12-01,Fully Paid
UT,2015-12-01,Fully Paid
LA,2015-12-01,Fully Paid
WV,2015-12-01,Fully Paid
MI,2015-12-01,Fully Paid
FL,2015-12-01,Fully Paid
KS,2015-12-01,Fully Paid
IL,2015-12-01,Fully Paid
MD,2015-12-01,Fully Paid
SC,2015-12-01,Fully Paid
KY,2015-12-01,Fully Paid
NV,2015-12-01,Fully Paid
DE,2015-12-01,Fully Paid
MI,2015-12-01,Charged Off
NM,2015-12-01,Fully Paid
NC,2015-12-01,Fully Paid
OR,2015-12-01,Fully Paid
CO,2015-12-01,Fully Paid
CA,2015-12-01,Charged Off
AZ,2015-12-01,Fully Paid
VT,2015-12-01,Fully Paid
NJ,2015-12-01,Fully Paid
CA,2015-12-01,Fully Paid
MA,2015-12-01,Fully Paid
WA,2015-12-01,Fully Paid
OH,2015-12-01,Fully Paid
GA,2015-12-01,Fully Paid
AL,2015-12-01,Fully Paid
TX,2015-12-01,Charged Off
MN,2015-12-01,Fully Paid
CT,2015-12-01,Fully Paid
NY,2015-12-01,Fully Paid
RI,2015-12-01,Fully Paid
AK,2015-12-01,Fully Paid
VA,2015-12-01,Fully Paid
NJ,2015-12-01,Charged Off
GA,2015-12-01,Charged Off
TX,2015-12-01,Fully Paid
IL,2015-12-01,Charged Off
PA,2015-12-01,Fully Paid
WI,2015-12-01,Fully Paid
OK,2015-12-01,Fully Paid
MO,2015-12-01,Fully Paid
NJ,2016-01-01,Fully Paid
MT,2016-01-01,Fully Paid
NC,2016-01-01,Fully Paid
IL,2016-01-01,Fully Paid
WI,2016-01-01,Fully Paid
WY,2016-01-01,Fully Paid
SD,2016-01-01,Fully Paid
NJ,2016-01-01,Charged Off
NH,2016-01-01,Fully Paid
MO,2016-01-01,Fully Paid
SC,2016-01-01,Fully Paid
AZ,2016-01-01,Fully Paid
LA,2016-01-01,Fully Paid
KS,2016-01-01,Fully Paid
CO,2016-01-01,Fully Paid
MD,2016-01-01,Fully Paid
WA,2016-01-01,Fully Paid
CA,2016-01-01,Fully Paid
UT,2016-01-01,Fully Paid
FL,2016-01-01,Fully Paid
FL,2016-01-01,Charged Off
DC,2016-01-01,Fully Paid
PA,2016-01-01,Fully Paid
AR,2016-01-01,Fully Paid
GA,2016-01-01,Fully Paid
NV,2016-01-01,Fully Paid
OR,2016-01-01,Fully Paid
MN,2016-01-01,Fully Paid
NM,2016-01-01,Fully Paid
VA,2016-01-01,Fully Paid
OK,2016-01-01,Fully Paid
NY,2016-01-01,Fully Paid
OH,2016-01-01,Fully Paid
MA,2016-01-01,Fully Paid
GA,2016-01-01,Charged Off
HI,2016-01-01,Fully Paid
TX,2016-01-01,Fully Paid
KY,2016-01-01,Fully Paid
MI,2016-01-01,Fully Paid
AL,2016-01-01,Fully Paid
CT,2016-01-01,Fully Paid
AK,2016-01-01,Fully Paid
PA,2016-01-01,Charged Off
VA,2016-01-01,Charged Off
NH,2016-01-01,Charged Off
DE,2016-01-01,Fully Paid
WV,2016-01-01,Fully Paid
SD,2016-02-01,Fully Paid
CO,2016-02-01,Fully Paid
MO,2016-02-01,Charged Off
NJ,2016-02-01,Charged Off
DE,2016-02-01,Fully Paid
GA,2016-02-01,Fully Paid
OH,2016-02-01,Fully Paid
MA,2016-02-01,Fully Paid
FL,2016-02-01,Fully Paid
KY,2016-02-01,Fully Paid
NH,2016-02-01,Fully Paid
AZ,2016-02-01,Fully Paid
NY,2016-02-01,Charged Off
TX,2016-02-01,Fully Paid
AL,2016-02-01,Fully Paid
WI,2016-02-01,Fully Paid
PA,2016-02-01,Charged Off
MO,2016-02-01,Fully Paid
RI,2016-02-01,Fully Paid
NY,2016-02-01,Fully Paid
FL,2016-02-01,Charged Off
CT,2016-02-01,Fully Paid
CA,2016-02-01,Fully Paid
CA,2016-02-01,Charged Off
DC,2016-02-01,Fully Paid
PA,2016-02-01,Fully Paid
NJ,2016-02-01,Fully Paid
MD,2016-02-01,Fully Paid
HI,2016-02-01,Fully Paid
NC,2016-02-01,Fully Paid
KS,2016-02-01,Fully Paid
MI,2016-02-01,Fully Paid
IL,2016-02-01,Fully Paid
NV,2016-02-01,Fully Paid
VA,2016-02-01,Fully Paid
MN,2016-02-01,Fully Paid
NM,2016-02-01,Fully Paid
AR,2016-02-01,Fully Paid
LA,2016-02-01,Fully Paid
WA,2016-02-01,Fully Paid
OR,2016-02-01,Fully Paid
SC,2016-02-01,Fully Paid
LA,2016-03-01,Fully Paid
CT,2016-03-01,Charged Off
AL,2016-03-01,Fully Paid
TX,2016-03-01,Charged Off
MO,2016-03-01,Fully Paid
FL,2016-03-01,Fully Paid
NC,2016-03-01,Fully Paid
MA,2016-03-01,Fully Paid
IL,2016-03-01,Fully Paid
CA,2016-03-01,Charged Off
NY,2016-03-01,Fully Paid
WA,2016-03-01,Fully Paid
CA,2016-03-01,Fully Paid
TN,2016-03-01,Fully Paid
MN,2016-03-01,Charged Off
AR,2016-03-01,Charged Off
SC,2016-03-01,Fully Paid
NM,2016-03-01,Fully Paid
NV,2016-03-01,Fully Paid
MD,2016-03-01,Fully Paid
GA,2016-03-01,Fully Paid
ID,2016-03-01,Fully Paid
WY,2016-03-01,Fully Paid
PA,2016-03-01,Fully Paid
KY,2016-03-01,Fully Paid
AR,2016-03-01,Fully Paid
NJ,2016-03-01,Fully Paid
SD,2016-03-01,Fully Paid
MI,2016-03-01,Fully Paid
OR,2016-03-01,Fully Paid
WV,2016-03-01,Fully Paid
CO,2016-03-01,Fully Paid
VA,2016-03-01,Fully Paid
NY,2016-03-01,Charged Off
OH,2016-03-01,Fully Paid
OR,2016-03-01,Charged Off
MS,2016-03-01,Fully Paid
CT,2016-03-01,Fully Paid
KS,2016-03-01,Fully Paid
MN,2016-03-01,Fully Paid
UT,2016-03-01,Fully Paid
OK,2016-03-01,Fully Paid
RI,2016-03-01,Fully Paid
DC,2016-03-01,Fully Paid
TX,2016-03-01,Fully Paid
NH,2016-03-01,Fully Paid
WI,2016-03-01,Fully Paid
MA,2016-03-01,Charged Off
AZ,2016-03-01,Fully Paid
NC,2016-03-01,Charged Off
DE,2016-03-01,Fully Paid
VT,2016-03-01,Fully Paid
HI,2016-03-01,Fully Paid
NV,2016-04-01,Charged Off
HI,2016-04-01,Fully Paid
WV,2016-04-01,Fully Paid
MN,2016-04-01,Charged Off
GA,2016-04-01,Charged Off
OK,2016-04-01,Fully Paid
OH,2016-04-01,Fully Paid
NV,2016-04-01,Fully Paid
MD,2016-04-01,Fully Paid
CO,2016-04-01,Fully Paid
NY,2016-04-01,Charged Off
KY,2016-04-01,Fully Paid
VA,2016-04-01,Fully Paid
MI,2016-04-01,Fully Paid
OR,2016-04-01,Fully Paid
AR,2016-04-01,Charged Off
NY,2016-04-01,Fully Paid
WY,2016-04-01,Fully Paid
MO,2016-04-01,Fully Paid
AR,2016-04-01,Fully Paid
NJ,2016-04-01,Charged Off
AZ,2016-04-01,Fully Paid
NH,2016-04-01,Charged Off
MA,2016-04-01,Charged Off
CA,2016-04-01,Fully Paid
NH,2016-04-01,Fully Paid
NJ,2016-04-01,Fully Paid
KS,2016-04-01,Fully Paid
LA,2016-04-01,Fully Paid
WA,2016-04-01,Fully Paid
NC,2016-04-01,Fully Paid
SC,2016-04-01,Fully Paid
FL,2016-04-01,Charged Off
VA,2016-04-01,Charged Off
UT,2016-04-01,Fully Paid
CT,2016-04-01,Charged Off
PA,2016-04-01,Fully Paid
MD,2016-04-01,Charged Off
CO,2016-04-01,Charged Off
NM,2016-04-01,Fully Paid
RI,2016-04-01,Charged Off
MN,2016-04-01,Fully Paid
NM,2016-04-01,Charged Off
TX,2016-04-01,Fully Paid
IL,2016-04-01,Fully Paid
DC,2016-04-01,Fully Paid
CT,2016-04-01,Fully Paid
MT,2016-04-01,Fully Paid
SD,2016-04-01,Charged Off
WI,2016-04-01,Fully Paid
VT,2016-04-01,Fully Paid
RI,2016-04-01,Fully Paid
WA,2016-04-01,Charged Off
TX,2016-04-01,Charged Off
MA,2016-04-01,Fully Paid
AZ,2016-04-01,Charged Off
GA,2016-04-01,Fully Paid
SC,2016-04-01,Charged Off
CA,2016-04-01,Charged Off
AL,2016-04-01,Fully Paid
FL,2016-04-01,Fully Paid
DC,2016-05-01,Charged Off
SC,2016-05-01,Fully Paid
WV,2016-05-01,Fully Paid
SC,2016-05-01,Charged Off
MT,2016-05-01,Fully Paid
NM,2016-05-01,Charged Off
NH,2016-05-01,Charged Off
CA,2016-05-01,Charged Off
AR,2016-05-01,Charged Off
NY,2016-05-01,Fully Paid
AK,2016-05-01,Fully Paid
NH,2016-05-01,Fully Paid
DC,2016-05-01,Fully Paid
WI,2016-05-01,Fully Paid
CA,2016-05-01,Fully Paid
SD,2016-05-01,Fully Paid
WV,2016-05-01,Charged Off
RI,2016-05-01,Charged Off
HI,2016-05-01,Charged Off
SD,2016-05-01,Charged Off
MA,2016-05-01,Charged Off
MD,2016-05-01,Fully Paid
AL,2016-05-01,Fully Paid
NM,2016-05-01,Fully Paid
MT,2016-05-01,Charged Off
NV,2016-05-01,Fully Paid
GA,2016-05-01,Fully Paid
MS,2016-05-01,Fully Paid
NC,2016-05-01,Fully Paid
ID,2016-05-01,Charged Off
AK,2016-05-01,Charged Off
KS,2016-05-01,Fully Paid
MN,2016-05-01,Charged Off
DE,2016-05-01,Charged Off
OK,2016-05-01,Fully Paid
WI,2016-05-01,Charged Off
VA,2016-05-01,Fully Paid
AR,2016-05-01,Fully Paid
OH,2016-05-01,Charged Off
TN,2016-05-01,Fully Paid
NJ,2016-05-01,Charged Off
CO,2016-05-01,Fully Paid
MO,2016-05-01,Fully Paid
LA,2016-05-01,Fully Paid
MA,2016-05-01,Fully Paid
OH,2016-05-01,Fully Paid
MO,2016-05-01,Charged Off
MD,2016-05-01,Charged Off
OR,2016-05-01,Charged Off
NY,2016-05-01,Current
MS,2016-05-01,Charged Off
NC,2016-05-01,Charged Off
CO,2016-05-01,Charged Off
VT,2016-05-01,Charged Off
PA,2016-05-01,Charged Off
OK,2016-05-01,Charged Off
NY,2016-05-01,Charged Off
HI,2016-05-01,Fully Paid
IL,2016-05-01,Charged Off
NE,2016-05-01,Charged Off
GA,2016-05-01,Charged Off
WY,2016-05-01,Fully Paid
MI,2016-05-01,Fully Paid
VT,2016-05-01,Fully Paid
KY,2016-05-01,Charged Off
FL,2016-05-01,Charged Off
FL,2016-05-01,Fully Paid
CT,2016-05-01,Charged Off
TX,2016-05-01,Charged Off
AZ,2016-05-01,Charged Off
IL,2016-05-01,Fully Paid
UT,2016-05-01,Charged Off
LA,2016-05-01,Charged Off
AZ,2016-05-01,Fully Paid
KY,2016-05-01,Fully Paid
PA,2016-05-01,Fully Paid
WA,2016-05-01,Fully Paid
DE,2016-05-01,Fully Paid
OR,2016-05-01,Fully Paid
NJ,2016-05-01,Fully Paid
TN,2016-05-01,Charged Off
MN,2016-05-01,Fully Paid
UT,2016-05-01,Fully Paid
RI,2016-05-01,Fully Paid
NV,2016-05-01,Charged Off
WA,2016-05-01,Charged Off
AL,2016-05-01,Charged Off
MI,2016-05-01,Charged Off
VA,2016-05-01,Charged Off
CT,2016-05-01,Fully Paid
TX,2016-05-01,Fully Paid
KS,2016-05-01,Charged Off
CA,2016-05-01,Current
